Compound_ID,Name,Formula,Molecular Weight,RT [min],m/z,mzCloud_Results,mzVault_Results,MassList_Results,Class_I,Class_II,Class_III,Class_IV,pos_HZ_1,pos_HZ_2,pos_HZ_3,pos_HZ_4,pos_HZ_5,pos_HZ_6,pos_HZ_7,pos_HZ_8,pos_HZ_9,pos_HZ_10
Com_1_pos,Palmitoyl sphingomyelin,C39 H79 N2 O6 P,702.56756,10.148,703.5741,Full match,Full match,No results,Lipids and lipid-like molecules,Sphingolipids,Phosphosphingolipids,Phosphosphingolipids,10228539358,9429134638,17661258233,20436610337,14996139391,14669157263,10915998003,13425731800,16718481599,14692694868
Com_2_pos,Betaine,C5 H11 N O2,117.07926,1.298,118.08658,Full match,Full match,Full match,Organic acids and derivatives,Carboxylic acids and derivatives,"Amino acids, peptides, and analogues",Alpha amino acids,3595024491,3537069638,3471711469,3020598074,3412970930,3362329147,4180461985,4235435953,4276487355,7195731348
Com_3_pos,Creatine,C4 H9 N3 O2,131.0696,1.321,132.07697,Full match,Full match,Full match,Organic acids and derivatives,Carboxylic acids and derivatives,"Amino acids, peptides, and analogues",Alpha amino acids and derivatives,3769665953,2661467152,2133421616,2056404126,3819249210,3085220406,1903513600,3351970206,2785124615,3702598637
Com_4_pos,Stearamide,C18 H37 N O,283.28738,10.285,284.29437,Full match,Full match,No results,Organic acids and derivatives,Carboximidic acids and derivatives,Carboximidic acids,Carboximidic acids,1432178719,1484968572,2245224367,1632728131,1725828003,1660135339,1417675804,1486502901,1934084484,1740632632
Com_5_pos,Creatinine,C4 H7 N3 O,113.05921,1.293,114.0666,Full match,Full match,Full match,Organic acids and derivatives,Carboxylic acids and derivatives,"Amino acids, peptides, and analogues",Alpha amino acids and derivatives,1740445354,867764025.2,1124875841,781510172.3,1619666292,1406737407,807997789.6,1275230460,1321899462,1229722456
Com_6_pos,"2-Amino-1,3-octadecanediol",C18 H39 N O2,301.29798,6.443,302.30527,Full match,Full match,Full match,Organic nitrogen compounds,Organonitrogen compounds,Amines,"1,2-aminoalcohols",1487576382,1151078723,1573360075,1743221122,1700808222,1688598397,1300118028,1266283594,1859112853,1456084822
Com_7_pos,Acetyl-L-carnitine,C9 H17 N O4,203.11566,1.333,204.12296,Full match,Full match,Full match,Lipids and lipid-like molecules,Fatty Acyls,Fatty acid esters,Acyl carnitines,947147102.9,401325415.5,373652716.4,466488680.8,958468605.2,665868120.9,396087776.4,607272228.7,491435161,1078807312
Com_8_pos,Valine,C5 H11 N O2,117.07928,1.719,118.08675,Full match,Full match,Full match,Organic acids and derivatives,Carboxylic acids and derivatives,"Amino acids, peptides, and analogues",Valine and derivatives,662963028.8,545503051.5,440624358.6,122472502.5,684886289.2,697136046.5,356114375.2,824121902.9,740478772.3,586797954.5
Com_9_pos,Choline,C5 H13 N O,103.10014,1.267,104.10749,Full match,Full match,No results,Organic nitrogen compounds,Organonitrogen compounds,Quaternary ammonium salts,Cholines,548583780.9,281291911,308770357.2,226961264.2,478169026.4,645856215.7,210825395.7,628392657.1,302349887.4,258369081.3
Com_10_pos,L-Pyroglutamic acid,C5 H7 N O3,129.0427,2.157,130.05003,Full match,Full match,Full match,Organic acids and derivatives,Carboxylic acids and derivatives,"Amino acids, peptides, and analogues",Alpha amino acids and derivatives,486404208.6,219370995.6,150836735,184688962.1,240531677.7,146648720.7,241611874.6,253990595.5,167296483.9,343485934.2
Com_11_pos,L-(+)-Citrulline,C6 H13 N3 O3,175.09569,1.296,176.10329,Full match,Full match,Full match,Organic acids and derivatives,Carboxylic acids and derivatives,"Amino acids, peptides, and analogues",Alpha amino acids,145284557.6,197873224,152099607.6,102227038.8,213572156.3,275438495.5,193235199.9,252670350.5,259865128.9,273884401.7
Com_12_pos,1-Methylhistidine,C7 H11 N3 O2,169.08514,1.265,170.09241,Full match,Full match,Full match,Organic acids and derivatives,Carboxylic acids and derivatives,"Amino acids, peptides, and analogues",Histidine and derivatives,180495334.1,91007467.74,163114947.8,162598001.3,170816198,238270881.6,107256631.8,178985480.7,177603822.2,111588749.6
Com_13_pos,9-Oxo-ODE,C18 H30 O3,294.21952,7.974,295.2269,Full match,Full match,Full match,Lipids and lipid-like molecules,Fatty Acyls,Lineolic acids and derivatives,Lineolic acids and derivatives,57473267.81,28816578.7,54331925.78,61289823.56,49205985.87,47508097.96,36416216.3,91225088.11,88451827.67,209187078.9
Com_14_pos,Cortisol,C21 H30 O5,362.20924,6.053,363.21732,Full match,Full match,Full match,Lipids and lipid-like molecules,Steroids and steroid derivatives,Hydroxysteroids,21-hydroxysteroids,25415223.57,12025137.11,28109320.7,18880842.63,17395875.1,25342362.53,69559156.09,138425770.7,63272068.81,16445986.61
Com_15_pos,Indole,C8 H7 N,117.05804,5.024,118.06529,Full match,Full match,No results,Organoheterocyclic compounds,Indoles and derivatives,Indoles,Indoles,136679940.1,44869295.84,87654406.41,124025137.6,113185451.2,49245355.52,66419212.16,135870432.2,79672235.8,102404917.3
Com_16_pos,Serotonin,C10 H12 N2 O,176.09509,3.122,177.10237,Full match,Full match,Full match,Organoheterocyclic compounds,Indoles and derivatives,Tryptamines and derivatives,Serotonins,3150304.632,109181129.5,20297138.21,45901634.89,25154433.58,49925560.82,33100192.76,40340503.08,34176832.75,47998086.42
Com_17_pos,Octadecanamine,C18 H39 N,269.3081,7.314,270.31528,Full match,Full match,No results,Organic nitrogen compounds,Organonitrogen compounds,Amines,Monoalkylamines,66092617.45,57161082.44,103770160.9,113919764.3,154866339.1,89131709.81,97111766.94,92869347.65,92535142.94,108155270.5
Com_18_pos,Indirubin,C16 H10 N2 O2,262.07407,6.564,263.08133,Full match,Full match,No results,Organoheterocyclic compounds,Indoles and derivatives,Indolines,Indolines,17403283.92,12653965.99,130159818.5,45085626.64,18580117.16,17488358.89,14662662.8,32398623.4,19723546.98,15825738.95
Com_19_pos,DL-Lysine,C6 H14 N2 O2,146.10556,1.219,147.11296,Full match,Full match,Full match,Organic acids and derivatives,Carboxylic acids and derivatives,"Amino acids, peptides, and analogues",Alpha amino acids,43680148.54,17404401.21,32673645.48,16293041.8,35569192.73,42092648.21,18644685.11,64330302.14,43974171.7,30627927.3
Com_20_pos,Oleoyl ethanolamide,C20 H39 N O2,325.29781,9.536,326.3056,Full match,Full match,No results,Organic nitrogen compounds,Organonitrogen compounds,Amines,N-acylethanolamines,48730611.24,42974250.18,39030942.59,41087878.71,59005400.2,51691622.88,43722991.18,62703401.88,46006426.33,61956127.03
Com_21_pos,Indole-3-acetic acid,C10 H9 N O2,175.06336,5.724,176.0704,Full match,Full match,Full match,Organoheterocyclic compounds,Indoles and derivatives,Indolyl carboxylic acids and derivatives,Indole-3-acetic acid derivatives,24868117.62,44937470.78,25763525.79,38696048.01,42335904.25,29333556.72,40251689.35,40958148.95,41480295.13,30568294.26
Com_22_pos,Isoquinoline,C9 H7 N,129.05797,5.814,130.06535,Full match,Full match,No results,Organoheterocyclic compounds,Isoquinolines and derivatives,Not available,Isoquinolines and derivatives,28187614.97,23330938.44,34620868.81,52849595.49,21020397.56,54449693.49,26495833.02,38533496.96,49903775.92,60085936.52
Com_23_pos,Decanoylcarnitine,C17 H33 N O4,315.24082,5.996,316.24817,Full match,Full match,No results,Lipids and lipid-like molecules,Fatty Acyls,Fatty acid esters,Acyl carnitines,34110929.36,17734478.74,15858837.34,24053789.52,32751362.1,17245781.6,16511518.87,20406456.21,70437743.82,35969102.86
Com_24_pos,Adenosine,C10 H13 N5 O4,267.09654,3.046,268.10382,Full match,Full match,Full match,"Nucleosides, nucleotides, and analogues",Purine nucleosides,Not available,Purine nucleosides,5536280.122,37379806.58,9508811.513,32909833.6,1324389.494,1735411.905,13177451.66,1268730.716,28775417.59,29334795.82
Com_25_pos,Testosterone,C19 H28 O2,288.20883,6.705,289.21613,Full match,Full match,Full match,Lipids and lipid-like molecules,Steroids and steroid derivatives,Androstane steroids,Androgens and derivatives,37544858.69,8711548.119,6137645.988,4588649.514,6930124.975,29708109.22,16573166.93,7374393.799,24595913.19,35310375.35
Com_26_pos,"N,N-Dimethylsphingosine",C20 H41 N O2,327.31344,6.869,328.32074,Full match,Full match,No results,Organic nitrogen compounds,Organonitrogen compounds,Amines,"1,2-aminoalcohols",29679987.43,19470081.31,27284837.7,28239398.13,26490129.59,27421259.82,20664387.1,21274072.73,30110627.95,21444353.17
Com_27_pos,Dibutyl sebacate,C18 H34 O4,314.24546,8.527,315.25281,Full match,Full match,Full match,Lipids and lipid-like molecules,Fatty Acyls,Fatty acid esters,Fatty acid esters,22004480.94,10645651.49,12389914.53,12485717.04,11911066.29,12795873.93,10084350.07,14522732.8,15943268.28,15836876.53
Com_28_pos,2-Arachidonoyl glycerol,C23 H38 O4,378.27694,9.224,379.28455,Full match,Full match,Full match,Lipids and lipid-like molecules,Endocannabinoids,Not available,Endocannabinoids,8424791.136,5885975.693,4074800.09,7269967.687,7022006.169,7929280.879,2962535.017,17643588.72,3271873.877,4047595.169
Com_29_pos,Progesterone,C21 H30 O2,314.22417,7.164,315.23145,Full match,Full match,Full match,Lipids and lipid-like molecules,Steroids and steroid derivatives,Pregnane steroids,"Gluco/mineralocorticoids, progestogins and derivatives",9593096.858,9835877.051,12453451.32,13063855.15,14014091.15,13998840.52,5348500.14,7368652.4,7971187.815,6831145.254
Com_30_pos,Cortisone,C21 H28 O5,360.19343,5.962,361.2012,Full match,Full match,No results,Lipids and lipid-like molecules,Steroids and steroid derivatives,Hydroxysteroids,21-hydroxysteroids,4925335.439,4531434.58,6397434.8,4849839.293,3495827.522,3327103.599,5038873.14,10914144.07,10311320.14,7375896.531
Com_31_pos,5¦Á-Dihydrotestosterone,C19 H30 O2,290.2246,8.355,291.23187,Full match,Full match,Full match,Lipids and lipid-like molecules,Steroids and steroid derivatives,Androstane steroids,Androgens and derivatives,5447257.172,3394280.592,4234049.352,6250876.139,3788813.293,3457276.282,3992645.493,6256720.373,4784426.638,9904343.557
Com_32_pos,Sodium [dodecanoyl(methyl)amino]acetate,C15 H29 N O3,271.21458,7.842,272.22217,Full match,Full match,No results,,,,,4920708.369,4232330.415,4033612.683,2857134.708,3501640.413,3473950.92,4822842.513,4083756.939,3263266.317,7031694.166
Com_33_pos,DL-Tryptophan,C11 H12 N2 O2,204.08991,5.174,205.09756,Full match,Full match,Full match,Organoheterocyclic compounds,Indoles and derivatives,Indolyl carboxylic acids and derivatives,Indolyl carboxylic acids and derivatives,5796246175,4056983121,4226499495,8071490031,7403429864,6187795965,2971820545,6614077495,4515117071,5997300476
Com_34_pos,L-Phenylalanine,C9 H11 N O2,165.07899,4.888,166.08629,Full match,Full match,Full match,Organic acids and derivatives,Carboxylic acids and derivatives,"Amino acids, peptides, and analogues",Phenylalanine and derivatives,4242424504,2515144377,2631713065,2240337322,2849219894,3651034282,2361635656,2754844535,2764549454,2921530560
Com_35_pos,Phenylacetylglycine,C10 H11 N O3,193.07396,5.505,194.08099,Full match,Full match,Full match,Organic acids and derivatives,Carboxylic acids and derivatives,"Amino acids, peptides, and analogues",N-acyl-alpha amino acids,977656526.1,1317805602,1225238930,1067368029,937011200.9,1382224476,1438590979,980366111.8,1567431713,1622581753
Com_36_pos,L-Glutamic acid,C5 H9 N O4,147.05312,1.298,148.06049,Full match,Full match,Full match,Organic acids and derivatives,Carboxylic acids and derivatives,"Amino acids, peptides, and analogues",Glutamic acid and derivatives,382315382.3,605183846.5,399686780,366612886,615655647.2,567421840,425971734.1,464951199,602861959.3,556548825.1
Com_37_pos,Docosapentaenoic acid,C22 H34 O2,330.25564,9.935,331.2634,Full match,Full match,Full match,Lipids and lipid-like molecules,Fatty Acyls,Fatty acids and conjugates,Very long-chain fatty acids,159093334.5,63506194.56,63749117.48,117719300.7,221759661,166755703.7,50781740.59,214306407.7,140564720,100153349.7
Com_38_pos,Eicosapentaenoic acid,C20 H30 O2,302.22426,9.236,303.23184,Full match,Full match,Full match,Lipids and lipid-like molecules,Fatty Acyls,Fatty acids and conjugates,Long-chain fatty acids,124837005.8,29509264.55,31896488.31,47473858.53,105614515.3,133130533.3,29866093.87,150207437.6,69530531.95,44180025.63
Com_39_pos,Carnosine,C9 H14 N4 O3,226.10677,1.269,227.11395,Full match,Full match,Full match,Organic acids and derivatives,Peptidomimetics,Hybrid peptides,Hybrid peptides,117993417.1,37548262.69,38957506.19,35830541.09,193033790.9,65048848.01,22336025.93,92743606.57,44554017.71,114859990.2
Com_40_pos,N-Acetylornithine,C7 H14 N2 O3,174.10047,1.331,175.10794,Full match,Full match,Full match,Organic acids and derivatives,Carboxylic acids and derivatives,"Amino acids, peptides, and analogues",N-acyl-alpha amino acids,86112299.11,44432607.28,56183015.84,42865562.64,51720067.1,64131576.57,43139091.2,93849663.31,70558451.36,56806235.47
Com_41_pos,Glycyl-L-leucine,C8 H16 N2 O3,188.11606,5.093,189.12328,Full match,Full match,Full match,Organic acids and derivatives,Carboxylic acids and derivatives,"Amino acids, peptides, and analogues",Peptides,16203148.26,3852689.603,2227769.49,2037163.762,35856806.22,106773717.7,1887314.741,52797231.15,3246203.534,2687610.471
Com_42_pos,Oleic acid,C18 H34 O2,282.25581,8.504,283.26306,Full match,Full match,No results,Lipids and lipid-like molecules,Fatty Acyls,Fatty acids and conjugates,Long-chain fatty acids,30408362.41,46789557.35,59774177.77,73520348.83,50123214.4,46500828.67,81356686.58,72674521.44,117425048.6,100517906.8
Com_43_pos,N-Acetylneuraminic acid,C11 H19 N O9,309.10597,1.342,310.11328,Full match,Full match,Full match,Organic oxygen compounds,Organooxygen compounds,Carbohydrates and carbohydrate conjugates,N-acylneuraminic acids,27986335.13,15762874.72,8683914.642,21113314.56,9683901.969,9642735.86,14425494.49,71770080.45,20637254.06,17247531.91
Com_44_pos,Pantothenic acid,C9 H17 N O5,219.11063,5.073,220.11798,Full match,Full match,Full match,Organic oxygen compounds,Organooxygen compounds,Alcohols and polyols,Secondary alcohols,74327517.97,34594197.05,25107483.65,28669446.34,43727378.34,76866051.47,36322893.18,55710905.93,29382552.58,50287619.29
Com_45_pos,Levothyroxine,C15 H11 I4 N O4,776.68623,6.189,777.6925,Full match,Full match,Full match,Organic acids and derivatives,Carboxylic acids and derivatives,"Amino acids, peptides, and analogues",Phenylalanine and derivatives,50657524.39,53548058.92,30146572.53,36035109.29,37222373.94,34752129.34,30445522.89,53191880.91,42183060.16,55608706.11
Com_46_pos,Indole-3-lactic acid,C11 H11 N O3,205.07352,5.614,206.08093,Full match,Full match,Full match,Organoheterocyclic compounds,Indoles and derivatives,Indolyl carboxylic acids and derivatives,Indolyl carboxylic acids and derivatives,46971818.52,27025672.08,7440217.189,30753321.36,30393289.72,1272189.299,818378.1646,52033237.55,1085581.918,34992576.66
Com_47_pos,Adenosine 5'-monophosphate,C10 H14 N5 O7 P,347.06192,1.352,348.06891,Full match,Full match,Full match,"Nucleosides, nucleotides, and analogues",Purine nucleotides,Purine ribonucleotides,Purine ribonucleoside monophosphates,1494593.372,16170557.76,2685932.369,14813422.25,1486676.277,1267701.64,5972314.491,2656532.576,17978985.93,14185299.37
Com_48_pos,Cytidine,C9 H13 N3 O5,243.08514,1.328,244.09233,Full match,Full match,Full match,"Nucleosides, nucleotides, and analogues",Pyrimidine nucleosides,Not available,Pyrimidine nucleosides,8889197.747,7987228.478,4158586.939,4744294.488,18334920.17,9305016.867,5466331.682,6608019.788,6876013.933,10723146.59
Com_49_pos,Methyl palmitate,C17 H34 O2,287.28235,6.183,288.2897,Invalid mass,Invalid mass,No results,Lipids and lipid-like molecules,Fatty Acyls,Fatty acid esters,Fatty acid methyl esters,7490889506,4530246168,6861276598,6048077631,6863867357,7197497732,5188195994,5142816416,7190562027,7200503004
Com_50_pos,PC (18:2/18:2),C44 H80 N O8 P,781.56101,11.111,782.56818,No results,Full match,No results,Lipids and lipid-like molecules,Glycerophospholipids,Glycerophosphocholines,Phosphocholines,7143196143,2022433480,6313439917,4762118870,4883130099,3850737578,4108518267,4684892505,6339332340,5870444538
Com_51_pos,PC (14:0e/2:0),C24 H50 N O7 P,495.33249,8.957,496.33987,No results,Full match,Full match,Lipids and lipid-like molecules,Glycerophospholipids,Glycerophosphocholines,Phosphocholines,4323801153,1582450967,1114017805,1513142764,3337036723,3636608203,1247343476,3946135621,1212416132,1800571273
Com_52_pos,Cholesterol,C27 H46 O,386.35445,11.023,387.36139,No results,No results,Full match,Lipids and lipid-like molecules,Steroids and steroid derivatives,Cholestane steroids,Cholesterols and derivatives,2927264407,1224509249,2497584423,1810741312,1638341441,1065276931,1676842837,1567640735,2525384917,1570868097
Com_53_pos,PC (18:0/20:5),C46 H82 N O8 P,807.57762,11.526,808.58392,No results,Full match,No results,Lipids and lipid-like molecules,Glycerophospholipids,Glycerophosphocholines,Phosphocholines,1319234411,1166549214,1564323186,2597585180,926859321.8,1252511831,810950647.7,1365919795,1987750920,1794561158
Com_54_pos,PC (16:2e/2:0),C26 H50 N O7 P,519.33248,8.63,520.33929,No results,Full match,Full match,Lipids and lipid-like molecules,Glycerophospholipids,Glycerophosphocholines,Phosphocholines,1757850987,897636014.1,1123460745,1443517298,1291196817,2209733645,839476055.7,1374687019,901738101.4,1188040240
Com_55_pos,1H-indene-3-carboxamide,C10 H9 N O,159.06842,3.116,160.07565,Full match,No results,No results,,,,,24054945.23,704705739.4,131061319,324335069.3,226021688.9,357314887.9,221499967.8,273673047.2,363302432.5,273319609.4
Com_56_pos,Ecgonine,C9 H15 N O3,185.10524,5.702,186.11272,Full match,No results,No results,Alkaloids and derivatives,Tropane alkaloids,Not available,Tropane alkaloids,513532049.7,75913352.32,171429998.2,90908398.55,332175420,184957125.2,156434372,698999757,137245070.8,597566553.2
Com_57_pos,"5,6-dimethoxy-2-(2-methoxyphenyl)-4H-chromen-4-one",C18 H16 O5,128.06667,5.626,295.0965,Invalid mass,No results,No results,,,,,281711800,564570701.4,7133210.923,12455627.58,9749057.088,220249790.4,14037586.37,659593163,59729651.05,21988080.45
Com_58_pos,DL-Arginine,C6 H14 N4 O2,157.08517,1.263,158.09244,Invalid mass,Invalid mass,No results,Organic acids and derivatives,Carboxylic acids and derivatives,"Amino acids, peptides, and analogues",Arginine and derivatives,314137732.7,202488449.2,286852248.2,233735202.9,445588978.1,723343253,195893386,378322640.2,416811248.3,237820477
Com_59_pos,"2-Amino-1,3,4-octadecanetriol",C18 H39 N O3,317.29272,6.123,318.30014,Full match,No results,No results,Organic nitrogen compounds,Organonitrogen compounds,Amines,"1,3-aminoalcohols",503710692,450664552.6,613001641.1,657769468.9,643269918.2,632958745.7,490225424.9,459027788.7,668090911.7,562853486.9
Com_60_pos,N1-(2-cyanoethyl)-N1-cyclohexyl-4-bromobenzene-1-sulfonamide,C15 H19 Br N2 O2 S,370.03966,5.716,371.04703,Invalid mass,No results,No results,,,,,30085508.68,5656414.362,467157571.2,15865780.79,28981315.05,18530013.08,515997097.8,17928145.92,42005493.55,34842430.06
Com_61_pos,Phosphocholine,C5 H14 N O4 P,183.06603,10.14,184.07317,No results,Full match,No results,Organic nitrogen compounds,Organonitrogen compounds,Quaternary ammonium salts,Phosphocholines,287831250.1,287867033.5,553678929.5,354368063.2,236157706.4,396456209.8,256877638.1,256205483.7,481130451.2,416416140.5
Com_62_pos,ACar 18:0,C25 H50 N O4,427.36601,7.657,428.37396,No results,Invalid mass,No results,Lipids and lipid-like molecules,Fatty Acyls,Fatty acid esters,Acyl carnitines,435825499.8,246178960.4,189535818.7,360758188.4,380873416.1,387043499.5,260944374.3,420341036,306486242.6,315757714.6
Com_63_pos,o-Cresol,C7 H8 O,108.05789,5.395,109.06532,No results,No results,Full match,Benzenoids,Phenols,Cresols,Ortho cresols,397185015.2,87803847.8,202376203.7,121514327.9,220594111.3,166035588.2,196102443,415105954.5,103937580.5,479060010
Com_64_pos,Ethylmalonate,C5 H8 O4,132.04245,5.097,133.04968,No results,No results,Full match,Lipids and lipid-like molecules,Fatty Acyls,Fatty acids and conjugates,Branched fatty acids,390363638.4,308272555.2,322430656.6,319190891.4,359929849.8,397765332.7,297503089,311174777.4,410452341.6,489328663.1
Com_65_pos,PC (18:4e/2:0),C28 H50 N O7 P,543.33215,8.587,544.34027,No results,Full match,Full match,Lipids and lipid-like molecules,Glycerophospholipids,Glycerophosphocholines,Phosphocholines,311441933,287321786.4,189700648.5,228809490.6,289275626.6,367637018.1,145205726,407342879.8,253883340.9,257277792
Com_66_pos,Biliverdin,C33 H34 N4 O6,582.24788,10.56,583.25562,No results,Full match,No results,Organoheterocyclic compounds,Tetrapyrroles and derivatives,Bilirubins,Bilirubins,203343162,289141522.3,292496151.7,232674709.8,193750804.7,201884568.8,161804194,376468356.9,189378592.1,438135453
Com_67_pos,PC (20:4/20:4),C48 H80 N O8 P,829.56035,8.69,830.56763,No results,Full match,No results,Lipids and lipid-like molecules,Glycerophospholipids,Glycerophosphocholines,Phosphocholines,386656801.8,219634832.4,276856777.3,408930115.7,387945948.6,220450818.5,232451172.5,257859953.4,422392494.5,196294536.4
Com_68_pos,APK,C14 H26 N4 O4,336.17466,10.39,337.18176,Invalid mass,No results,No results,,,,,245677455.7,271142084.8,115288483.5,101830097.2,351317210.8,343923031.8,234777177,298581235.7,455570591.5,414005584.7
Com_69_pos,Cuminaldehyde,C10 H12 O,148.08879,6.701,149.09607,Full match,No results,No results,Lipids and lipid-like molecules,Prenol lipids,Monoterpenoids,Aromatic monoterpenoids,12611176.44,29070590.03,48799333.88,17058152.51,459008286.2,13937279.83,10972577.97,13811611.15,16724141.34,15339675.94
Com_70_pos,4'-methyl Acetyl fentanyl-d5,C22 H23 [2]H5 N2 O,341.25637,6.132,342.26358,Invalid mass,Invalid mass,No results,,,,,366701714.5,133714464.8,129161471.1,104018692,353974089.6,96205382.56,156767259.8,166195882.8,167620826.2,134293892.8
Com_71_pos,PC (16:0/17:2),C41 H78 N O8 P,743.54648,10.197,744.55359,No results,Full match,No results,Lipids and lipid-like molecules,Glycerophospholipids,Glycerophosphocholines,Phosphocholines,324503972.2,175737778.5,212396490.1,137159456.5,159782206,240439428.7,189633696.3,85023719.8,167817648.3,155282597.7
Com_72_pos,6-Methylquinoline,C10 H9 N,143.07353,5.172,144.08107,Full match,Not the top hit,No results,Organoheterocyclic compounds,Quinolines and derivatives,Not available,Quinolines and derivatives,245117294.7,129601049.7,190240920.5,228690290,239053545,201093579.7,127299455.9,286785464,167253531.6,224530649.7
Com_73_pos,PC (16:1/16:1),C40 H76 N O8 P,1459.05516,10.134,730.53455,No results,Invalid mass,No results,Lipids and lipid-like molecules,Glycerophospholipids,Glycerophosphocholines,Phosphocholines,60237627.28,154008099.5,225058457.3,271652696,175069324.4,8170230.139,67411965.44,80248253.43,212391025.2,124725725.8
Com_74_pos,"(2,6-dimethylmorpholino)(1-methyl-5-nitro-1H-pyrazol-4-yl)methanone",C11 H16 N4 O4,306.07139,5.593,307.07883,Invalid mass,No results,No results,,,,,76935444.84,180324750.8,185183175.7,120573960.7,159931612.3,81744873.01,258945797.9,134862488.8,242887548.5,243275331.4
Com_75_pos,Palmitoylcarnitine,C23 H45 N O4,399.33468,7.162,400.34247,Full match,Not the top hit,Full match,Lipids and lipid-like molecules,Fatty Acyls,Fatty acid esters,Acyl carnitines,254411446.1,152877087.2,111297905.7,176430918.4,238703310.1,176837492.2,137028509.6,239638717.6,192498716.8,217409179.9
Com_76_pos,PC (18:3e/2:0),C28 H52 N O7 P,545.34802,8.954,546.3559,No results,Full match,No results,Lipids and lipid-like molecules,Glycerophospholipids,Glycerophosphocholines,Phosphocholines,193135386.7,190238514.8,141786858.3,185644539.2,180908082.9,208697106.6,121652404.4,168484141.4,163813977.6,257839533.2
Com_77_pos,"16,16-Dimethyl prostaglandin A1",C22 H36 O4,386.24566,6.412,387.25327,Invalid mass,No results,No results,Lipids and lipid-like molecules,Fatty Acyls,Eicosanoids,Prostaglandins and related compounds,79257253.97,26743024.83,26865903.26,16209724.25,18244537.16,31267448.56,35960621.89,191854361.8,49704967.81,40177752.59
Com_78_pos,"1,2-dihydroxyheptadec-16-yn-4-yl acetate",C19 H34 O4,308.2348,9.535,309.24191,Invalid mass,Invalid mass,No results,,,,,70195154.67,149186211.9,225758394.1,100516870.9,49620892.41,118810339.7,47942669.79,70325589.19,62109581.1,94105299.09
Com_79_pos,13-HPODE,C18 H32 O4,312.22992,7.976,313.23727,No results,No results,Full match,Lipids and lipid-like molecules,Fatty Acyls,Lineolic acids and derivatives,Lineolic acids and derivatives,52249437.71,29926743.99,50998406.22,64670583.81,46247278.86,45620409.76,36325093.24,83559496.35,83252500.87,206548256
Com_80_pos,3-hydroxy-2-octylpentanedioic acid,C13 H24 O5,242.15172,6.45,243.15948,Invalid mass,No results,No results,,,,,76976509.08,55889057.93,71795333.85,72974486.16,90463891.43,67453171.73,61619795.67,92231401.62,100149868.5,194648085.4
Com_81_pos,PC (15:0/15:0),C38 H76 N O8 P,705.53013,10.361,706.53674,No results,Full match,No results,Lipids and lipid-like molecules,Glycerophospholipids,Glycerophosphocholines,Phosphocholines,75340445.11,62463333.42,107099379.3,189773147.9,89379403.71,101656181.4,22920026.91,98967705.84,145815786.8,135677981.8
Com_82_pos,PC (16:2e/4:0),C28 H54 N O7 P,547.36348,9.686,548.37189,No results,Full match,Full match,Lipids and lipid-like molecules,Glycerophospholipids,Glycerophosphocholines,Phosphocholines,162089579.6,122639818.2,112243838.1,109629581.7,179444003.1,141800775.8,119330791,104060993.1,80664930.52,178416120.2
Com_83_pos,Prolylleucine,C11 H20 N2 O3,228.14734,1.338,229.15469,Full match,Not the top hit,Full match,Organic acids and derivatives,Carboxylic acids and derivatives,"Amino acids, peptides, and analogues",Dipeptides,156323907,52198194.03,65896559.18,67013373.11,101974701.1,107897425.1,41625842.52,116356061,75567459.39,87918055.72
Com_84_pos,ACar 18:1,C25 H48 N O4,425.35029,7.293,426.3576,No results,Invalid mass,No results,Lipids and lipid-like molecules,Fatty Acyls,Fatty acid esters,Acyl carnitines,144883290.6,99879514.87,74192900.38,108897579.2,132336733.4,126317530.2,87240865.89,129876736.7,121187483.9,139805317.9
Com_85_pos,L-Histidine,C6 H9 N3 O2,155.06953,1.268,156.07683,No results,No results,Full match,Organic acids and derivatives,Carboxylic acids and derivatives,"Amino acids, peptides, and analogues",Histidine and derivatives,142741666.6,35187923.56,72761580.48,109638935.8,41685600.87,127794695.5,37632082.67,117117983.2,131331483.8,67886927.13
Com_86_pos,N-Tetradecanamide,C14 H29 N O,227.22484,8.537,228.23196,No results,No results,Full match,Lipids and lipid-like molecules,Fatty Acyls,Fatty amides,Fatty amides,140329376,99619655.69,142765054.8,140645896.8,141763241.3,156171071.2,113921512.3,115043960.1,165278604.5,137228565.5
Com_87_pos,N-Acetyl-L-leucine,C8 H15 N O3,173.10525,5.232,174.1125,No results,No results,Full match,Organic acids and derivatives,Carboxylic acids and derivatives,"Amino acids, peptides, and analogues",Leucine and derivatives,132667653.3,54320892.8,69174817.9,75452053.68,82285269.7,153191968.3,42447103.67,108903770.5,93796929.14,130329375
Com_88_pos,4-(2-((4-Methoxyphenyl)amino)oxazol-5-yl)benzonitrile,C17 H13 N3 O2,291.09996,6.853,292.10724,Full match,No results,No results,Organoheterocyclic compounds,Azoles,Oxazoles,"Phenyl-1,3-oxazoles",128524258.5,70806368.46,73829564.01,71400438.16,63050044.63,65599775.14,36159118.46,66279506.84,63850127.58,74903520.84
Com_89_pos,Hydroxyproline,C5 H9 N O3,131.05833,1.285,132.06586,No results,Full match,Full match,Organic acids and derivatives,Carboxylic acids and derivatives,"Amino acids, peptides, and analogues",Proline and derivatives,84965572.26,26238342.59,111271829.5,99466939.37,124451825.3,105456816.8,52829234.76,115112778.8,120555806.4,87376942.94
Com_90_pos,PC (14:1e/3:0),C25 H50 N O7 P,507.33238,8.751,508.33932,No results,Full match,No results,Lipids and lipid-like molecules,Glycerophospholipids,Glycerophosphocholines,Phosphocholines,93398380.89,82112946.13,50069300.34,64149597.5,73993717.77,133099882.7,81708220.21,90333794.55,52351687.55,125547413.9
Com_91_pos,Pyridoxamine,C8 H12 N2 O2,168.08733,1.227,169.09459,No results,Invalid mass,No results,Organoheterocyclic compounds,Pyridines and derivatives,Pyridoxamines,Pyridoxamine 5'-phosphates,111403574.4,52835333.3,84888966.84,85021581.15,88205476.98,105191631.6,53680418,98895178.13,103804610.1,76621991.09
Com_92_pos,(+/-)12(13)-DiHOME,C18 H34 O4,296.23499,7.909,279.23199,Invalid mass,No results,No match,Lipids and lipid-like molecules,Fatty Acyls,Fatty acids and conjugates,Long-chain fatty acids,62741151.35,58657635.25,81293633.14,82958983.47,67636610.25,65786978.94,92556562.94,77575998.71,142275158.7,115430382.6
Com_93_pos,6-Ketoprostaglandin F1¦Á,C20 H34 O6,352.22224,6.485,353.22916,Invalid mass,Invalid mass,No results,Lipids and lipid-like molecules,Fatty Acyls,Eicosanoids,Prostaglandins and related compounds,105327617.2,33636493.31,38504092.31,13902549.34,35627750.87,85310554.05,4777371.513,38046956.72,19062460.48,74317602.85
Com_94_pos,Pregnanetriol,C21 H36 O3,358.25068,6.938,359.25845,No results,Invalid mass,No results,Lipids and lipid-like molecules,Steroids and steroid derivatives,Pregnane steroids,"Gluco/mineralocorticoids, progestogins and derivatives",49542468.78,11738618.84,14470054.41,10241982.61,23762666.83,14631238.31,17995805.96,94180396.44,24031586,25649620.2
Com_95_pos,ACar 13:0,C20 H40 N O4,357.28755,6.446,358.29495,No results,Invalid mass,No results,Lipids and lipid-like molecules,Fatty Acyls,Fatty acid esters,Acyl carnitines,98937018.09,45212450.69,30904905.99,26952145.28,74368221.65,45933443.64,36243175.87,61529978.54,34709512.7,68335051.19
Com_96_pos,2-[5-(2-hydroxypropyl)oxolan-2-yl]propanoic acid,C10 H18 O4,224.10234,6.012,225.10941,Invalid mass,No results,No results,,,,,50698433.49,52756331.64,24876106.12,30722383.22,28842049.44,54873876.45,28333009.01,88874530.47,33953468.54,65359473.61
Com_97_pos,Monolaurin,C15 H30 O4,274.21422,7.91,275.22122,Full match,No results,No results,,,,,45703124.9,8497059.15,16734724.95,7638874.408,9149862.009,8717896.95,7874143.675,8273648.335,8316021.724,8281201.897
Com_98_pos,"7-(2-hydroxypropan-2-yl)-1,4a-dimethyl-decahydronaphthalen-1-ol",C15 H28 O2,222.19816,11.273,223.20543,Invalid mass,No results,No results,,,,,57657909.82,44722770.5,63173504.03,94390622.41,67261337.32,102558408.7,55866945.4,59668436.27,70102356.22,64236904.22
Com_99_pos,"2,3-dihydroxypropyl 12-methyltridecanoate",C17 H34 O4,302.24541,8.768,303.25262,Full match,No results,No results,,,,,52859268.31,14375046.17,19630535.92,11837084.72,16597213.25,17298343.35,9145763.849,21467261.78,13897440.42,13775594.27
Com_100_pos,20-Carboxy-Leukotriene B4,C20 H30 O6,366.20543,11.643,367.21265,No results,No results,Full match,,,,,37964926.95,8127640.889,101928391.1,83067196.04,109839596.5,48396917.72,31532824.56,10318022.5,65402920.18,42723093.97
Com_101_pos,"2-[(3S)-1-(3,4-Difluorobenzyl)-3-pyrrolidinyl]-1,3-benzoxazole",C18 H16 F2 N2 O,314.12641,10.552,315.134,Invalid mass,No results,No results,Organoheterocyclic compounds,Benzoxazoles,Not available,Benzoxazoles,41686065.79,56998155.68,57806185.34,52660804.31,42691138.86,64318519.15,37462868.25,77899181.02,43709016.87,91886736.13
Com_102_pos,5-Hydroxyindole,C8 H7 N O,133.05281,5.647,134.05994,Full match,Not the top hit,Full match,Organoheterocyclic compounds,Indoles and derivatives,Hydroxyindoles,Hydroxyindoles,37449460.67,63047876.87,91258928.24,56400280.08,27644313.37,53067909.65,25106460.89,37981702.5,58278945.13,17919602.41
Com_103_pos,PC (18:5e/2:0),C28 H48 N O7 P,541.31431,8.13,542.32159,No results,Full match,No results,Lipids and lipid-like molecules,Glycerophospholipids,Glycerophosphocholines,Phosphocholines,65559796.41,61740618,36325787.62,36284571.6,69959827.18,81837772.75,51324117.7,32875436.77,58960146.6,61828801.3
Com_104_pos,4-Hydroxyisoleucine,C6 H13 N O3,147.0896,1.332,148.09685,No results,No results,Full match,Organic acids and derivatives,Carboxylic acids and derivatives,"Amino acids, peptides, and analogues",Isoleucine and derivatives,70387642.02,33556762.19,38118776.89,35283991.29,42521836.49,48263896.65,33612314.14,52915083.75,47411312.94,59976499.17
Com_105_pos,ACar 14:1,C21 H40 N O4,369.28778,6.487,370.29501,No results,Invalid mass,No results,Lipids and lipid-like molecules,Fatty Acyls,Fatty acid esters,Acyl carnitines,51269329.39,42027033.38,37026157.04,39335050.48,52900087.63,16878641.81,41663943.58,50055294.71,92669236.66,75620527.2
Com_106_pos,Hypoxanthine,C5 H4 N4 O,136.03837,1.953,137.04565,Full match,No results,Full match,Organoheterocyclic compounds,Imidazopyrimidines,Purines and purine derivatives,Hypoxanthines,1992144.203,52968600.32,15394610.46,9405901.301,2356137.555,1209857.232,12790728.25,1134984.605,42198432.71,3497017.506
Com_107_pos,Styrene,C8 H8,104.06301,7.166,105.07035,No results,No results,Full match,Benzenoids,Benzene and substituted derivatives,Styrenes,Styrenes,25637167.86,14161917.79,22536623.37,23148505.18,14349629.69,13314270.19,14600264.8,59074119.63,26897759.52,16148783.52
Com_108_pos,Methionine,C5 H11 N O2 S,149.05112,1.343,150.05841,No results,No results,Full match,Organic acids and derivatives,Carboxylic acids and derivatives,"Amino acids, peptides, and analogues",Methionine and derivatives,63744204.42,16955434.35,7500842.129,8484015.123,13558854.89,35271258.1,10704287.51,42797553.88,13772320.31,50219237.71
Com_109_pos,Norfenefrine,C8 H11 N O2,153.07654,1.425,154.08377,No results,Invalid mass,No results,Benzenoids,Phenols,1-hydroxy-4-unsubstituted benzenoids,1-hydroxy-4-unsubstituted benzenoids,60179913.21,33471861.45,25746489.65,59210225.33,31016627.01,50993844.57,37524915.36,50865165.97,59566041.25,59907491.19
Com_110_pos,Lysope 14:0,C19 H40 N O7 P,425.25618,6.188,426.26389,No results,No results,Full match,Lipids and lipid-like molecules,Glycerophospholipids,Glycerophosphoethanolamines,1-acyl-sn-glycero-3-phosphoethanolamines,23985622.79,12035635.79,12629560.08,17390357.24,15834120.1,39406445.84,14124710.42,29824701.41,42252389.11,62432392.05
Com_111_pos,N-Desmethyltramadol,C15 H23 N O2,249.17035,10.082,250.17763,Invalid mass,No results,No results,Benzenoids,Phenol ethers,Anisoles,Anisoles,22493683.18,11168107.42,30976080,31829221.41,26007901.14,21395025.98,23921061.2,49924312.81,26534179.59,35698966.99
Com_112_pos,cis-7-Hexadecenoic Acid,C16 H30 O2,254.22428,7.97,255.23134,No results,No results,Full match,Lipids and lipid-like molecules,Fatty Acyls,Fatty acids and conjugates,Long-chain fatty acids,21853833.17,36399762.21,46409818.4,53649658.94,47319497.94,27678808.7,17574458.01,21947808.91,27933736.2,22849216.23
Com_113_pos,ACar 10:1,C17 H32 N O4,313.22518,5.804,314.2326,No results,Invalid mass,No results,Lipids and lipid-like molecules,Fatty Acyls,Fatty acid esters,Acyl carnitines,53303052.68,14498993.25,12095354.59,14933403.62,38247777.24,13621419.21,14050821.17,24306429.75,24023668.27,16376710.05
Com_114_pos,D-Erythrose 4-phosphate,C4 H9 O7 P,200.00869,1.238,218.04245,No results,No results,Full match,,,,,13708204.58,2963100.383,44348865.74,23421476.04,29422046.51,4850826.481,49358020.24,5500386.467,20062891.46,5321937.727
Com_115_pos,Sphingosine (d18:1),C18 H37 N O2,299.2823,6.486,300.28958,Full match,Partial match,Full match,,,,,50865337.4,23268506.26,31510696.87,33335901.48,32364556.82,34217285.93,26123277.27,26023592.64,33912982.13,37683082.31
Com_116_pos,2-Phenylglycine,C8 H9 N O2,151.06347,5.395,152.07098,No results,No results,Full match,Organic acids and derivatives,Carboxylic acids and derivatives,"Amino acids, peptides, and analogues",Alpha amino acids,43972560.7,20834397.36,26106081.65,21888419.57,30378195.91,49951116.25,18033146.46,35469908.77,66564240.61,38889656.89
Com_117_pos,(¡À)8-HEPE,C20 H30 O3,300.2085,7.068,301.21576,Invalid mass,No match,No match,,,,,48095868.18,21568035.64,13669960.54,13200759.38,17643099,21677248.64,15433398.28,27212860.98,17383554.57,16581255.76
Com_118_pos,Pilocarpine,C11 H16 N2 O2,208.12516,6.748,209.13222,No results,Invalid mass,No results,Alkaloids and derivatives,Not available,Not available,Alkaloids and derivatives,39986488.86,16658376.31,8950407.947,55108824.67,20043421.76,41976377.7,29044250.15,27622602.53,40831400.68,52028403.44
Com_119_pos,"N,N-Diethylethanolamine",C6 H15 N O,117.11552,1.326,118.12286,No results,Full match,No results,Organic nitrogen compounds,Organonitrogen compounds,Amines,"1,2-aminoalcohols",47588587.17,38179163.42,41942685.38,37409981.34,41301814.48,50903231.67,32275092.52,39222789.56,41570224.56,52012358.78
Com_120_pos,4-Acetamidobutyric Acid,C6 H11 N O3,145.07387,4.866,146.08154,No results,No results,Full match,Organic acids and derivatives,Carboxylic acids and derivatives,"Amino acids, peptides, and analogues",Gamma amino acids and derivatives,47053038.62,18239593.09,15217982.04,15287322.2,29745765.12,27540760.81,16005522.3,30611057.48,33883144.2,39597985.6
Com_121_pos,Carbaprostacyclin,C21 H34 O4,332.23491,6.764,333.24219,No results,Invalid mass,No match,Lipids and lipid-like molecules,Fatty Acyls,Eicosanoids,Prostaglandins and related compounds,46198802.95,32489652.8,10376252.89,17653811.29,13199367,14172532.32,19891842.63,34543224.02,16675929.97,11701653.72
Com_122_pos,N-acetyl-D-glucosamine,C8 H15 N O6,221.09046,6.929,222.09772,No results,No results,Full match,Organic oxygen compounds,Organooxygen compounds,Carbohydrates and carbohydrate conjugates,Acylaminosugars,4287519.098,37234049.13,37823089.77,2376024.615,2322271.203,3277339.905,3519942.876,3814573.108,2373176.426,3819737.931
Com_123_pos,"2-methyl-2,3,4,5-tetrahydro-1,5-benzoxazepin-4-one",C10 H11 N O2,159.06835,1.339,160.07568,Invalid mass,No results,No results,,,,,2568189.048,36798983.82,5103395.75,15195946.44,14460301.63,18927387.51,12306073.31,12520244.57,24329702.45,18887270.59
Com_124_pos,Senecionine,C18 H25 N O5,353.18785,10.352,354.19659,Invalid mass,No results,No results,Phenylpropanoids and polyketides,Macrolides and analogues,Not available,Macrolides and analogues,17352444.96,16269378.98,22557057.42,22002279.85,26226430.69,24139570.4,20721939.26,41647996.96,25406407.61,26281823.68
Com_125_pos,16(R)-HETE,C20 H32 O3,342.21697,7.62,343.22467,Invalid mass,No results,No results,Lipids and lipid-like molecules,Fatty Acyls,Eicosanoids,Hydroxyeicosatetraenoic acids,36849893.37,10556439.97,10819264.51,8144395.943,9579311.58,15184247.85,12183132.23,41574387.58,16595585.29,8216895.256
Com_126_pos,Stearoyl ethanolamide,C20 H41 N O2,327.31345,10.176,328.32138,Full match,No results,No results,Organic nitrogen compounds,Organonitrogen compounds,Amines,N-acylethanolamines,36789408.7,25441026.94,30002318.91,21017778.9,30787753.27,28313342.87,16014281.2,40721732.46,31104004.08,31172977.54
Com_127_pos,Hexanoylcarnitine,C13 H25 N O4,259.17829,5.395,260.18567,Full match,No results,No results,Lipids and lipid-like molecules,Fatty Acyls,Fatty acid esters,Acyl carnitines,44055300.39,15167533.76,12107998.62,20289804.65,33188458.21,21531600.02,15225035.53,6982467.594,23002512.39,33132992.96
Com_128_pos,Estrone,C18 H22 O2,252.15131,6.533,253.1588,Invalid mass,No results,No results,Lipids and lipid-like molecules,Steroids and steroid derivatives,Estrane steroids,Estrogens and derivatives,10489924.55,2224552.761,2107019.397,2546351.597,3710829.297,3499878.756,3055876.812,39611019.31,4528536.729,3359307.218
Com_129_pos,"2-hydroxy-6-[(8Z,11Z)-pentadeca-8,11,14-trien-1-yl]benzoic acid",C22 H30 O3,324.2038,9.821,325.21121,Invalid mass,No results,No results,,,,,40631068.45,19829340.02,34226644.37,29030696.54,27497945.85,33117802.19,15284980.65,31666031.69,34198554.18,35643396.68
Com_130_pos,"2,2,5,5-tetramethyl-2,5-dihydro-1H-pyrrole-3-carboxamide",C9 H16 N2 O,151.09979,5.589,152.10698,Invalid mass,No results,No results,,,,,39486111.31,20591099.99,27232264.41,27313104.55,26646610.13,25343064.71,20263616.86,22438909.68,26585808.76,35562673.87
Com_131_pos,1-Phenyl-3-methyl-5-pyrazolone,C10 H10 N2 O,192.08974,1.314,175.08632,Invalid mass,No results,No results,,,,,1139237.323,31456024.05,9306423.706,30108981.72,10177066.58,11887436.32,11657023.59,7146659.785,16728368.89,6773309.305
Com_132_pos,"3-(3,4-dimethylphenyl)-3,4-dihydro-1,2,3-benzotriazin-4-one",C15 H13 N3 O,273.08308,6.729,274.09009,Invalid mass,No results,No results,,,,,5918081.06,30808027.97,18791214.91,10902580.23,7563647.752,8216724.024,3353701.951,15979946.52,11122135.45,14363787.84
Com_133_pos,N-Acetylglycine,C4 H7 N O3,117.0429,1.343,118.05032,No results,Full match,Full match,Organic acids and derivatives,Carboxylic acids and derivatives,"Amino acids, peptides, and analogues",N-acyl-alpha amino acids,32284476.24,17390114.57,23022119.47,23727725.89,26116231.89,26010980.89,15940061.48,34245924.35,26408104.35,34703704.91
Com_134_pos,Choline Glycerophosphate,C8 H20 N O6 P,257.10256,9.18,258.11002,No results,No results,Full match,Lipids and lipid-like molecules,Glycerophospholipids,Glycerophosphocholines,Glycerophosphocholines,30220416.91,28565068.75,20707010.79,22165011.75,30740235.36,33828607.08,21584087.98,26623151.21,17657828.12,32914937.29
Com_135_pos,ACar 16:1,C23 H44 N O4,397.31901,6.852,398.32681,No results,Invalid mass,No results,Lipids and lipid-like molecules,Fatty Acyls,Fatty acid esters,Acyl carnitines,24445797.6,18684169.77,15714902.69,17615929.14,25859872.17,15742270.98,19365936.36,22808067.99,31115357.23,34295009.48
Com_136_pos,All trans-Retinal,C20 H28 O,284.21385,6.865,285.22116,No results,No results,Full match,Lipids and lipid-like molecules,Prenol lipids,Retinoids,Retinoids,31197723.9,10516072.51,7391746.908,8448760.273,8054809.365,8339002.681,12274344.16,20855310.89,8651108.675,6959852.688
Com_137_pos,"4-(anilinomethylidene)-3-methyl-4,5-dihydroisoxazol-5-one",C11 H10 N2 O2,220.08487,3.544,221.09224,Invalid mass,No results,No match,,,,,30385328.04,6497288.677,11489334.49,15206897.34,13142372.94,17015799.77,10656053.81,18779650.71,19929403.69,17857871.2
Com_138_pos,"1,4-dihydroxyheptadec-16-en-2-yl acetate",C19 H36 O4,350.24309,9.045,351.25037,Invalid mass,No results,No results,,,,,11638309.32,6614931.546,4510804.36,3806419.768,16669159.25,10569090.98,1941145.136,26644131.83,4719663.107,5174304.512
Com_139_pos,Taurine,C2 H7 N O3 S,125.01499,1.331,126.02227,No results,No results,Full match,Organic acids and derivatives,Organic sulfonic acids and derivatives,Organosulfonic acids and derivatives,Organosulfonic acids,23849638.11,18337923.43,16399099.16,18474776.94,22835367.41,31019546.63,11112090.86,18471092.58,29416125.56,18047158.3
Com_140_pos,Artemisinin,C15 H22 O5,299.17304,6.444,300.18042,No results,Invalid mass,No results,Lipids and lipid-like molecules,Prenol lipids,Terpene lactones,Terpene lactones,27827351.63,20201682.93,20679793.05,20921158.15,18634606.7,20283784.62,10989448.19,24181642.81,17939143.77,27912581.79
Com_141_pos,4-(4-methoxyphenyl)-2-(methylthio)pyrimidine,C12 H12 N2 O S,254.04601,7.041,255.05348,Invalid mass,No results,No results,,,,,2148584.837,3683836.488,3192159.655,4162214.943,3136994.509,3597278.81,3673779.749,2865591.844,3195962.254,3407467.003
Com_142_pos,"(1R,2R)-trans-N-Boc-1,2-cyclohexanediamine",C11 H22 N2 O2,214.168,5.941,215.17535,No results,No results,Full match,Organic nitrogen compounds,Organonitrogen compounds,Cyclohexylamines,Cyclohexylamines,25885108.24,13359038.42,20694615.89,17439616.38,13717425.58,19848309.91,13901947.25,14585821.76,21437216.87,26951433.31
Com_143_pos,11¦Â-Hydroxyandrosterone,C19 H30 O3,324.22987,6.559,325.23773,Invalid mass,Invalid mass,No results,Lipids and lipid-like molecules,Steroids and steroid derivatives,Androstane steroids,Androgens and derivatives,7064861.675,16820827.91,17685177.88,6289953.182,10954319.72,10637278.2,7577131.573,23435178.98,11482913.22,9991594.675
Com_144_pos,Coenzyme Q2,C19 H26 O4,318.18688,9.819,319.19446,Invalid mass,No results,No results,Lipids and lipid-like molecules,Prenol lipids,Quinone and hydroquinone lipids,Ubiquinones,25047388.93,12816756.66,21530437.7,17255516.42,19803502.89,21410032.29,9904002.139,19788281.52,20202120.63,21384157.02
Com_145_pos,4-morpholinobenzoic acid,C11 H13 N O3,207.08942,5.632,208.09679,Full match,No results,Full match,,,,,22807381.92,19928990.59,14113181.89,10635121.38,5928801.603,19679655.56,23218626.74,17646073.45,17874821.21,25080967.64
Com_146_pos,"p-Mentha-1,3,8-triene",C10 H14,134.10951,9.647,135.11685,No results,No results,Full match,Lipids and lipid-like molecules,Prenol lipids,Monoterpenoids,Aromatic monoterpenoids,23412181.88,17563415.25,27365147.43,21542494.18,27862288.08,23693546.61,20532599.86,21471544.85,28844705.02,22528577.47
Com_147_pos,L-Tyrosine,C9 H11 N O3,181.07417,5.488,182.08165,No results,Full match,Full match,Organic acids and derivatives,Carboxylic acids and derivatives,"Amino acids, peptides, and analogues",Tyrosine and derivatives,17677755.47,2596471.625,7872666.319,3846545.633,11239224.17,4690445.79,4889942.709,22469202.7,4385180.387,18639262.45
Com_148_pos,3-Hydroxy-3-methylbutanoic acid,C5 H10 O3,101.03941,4.889,102.04679,Invalid mass,No results,No results,Lipids and lipid-like molecules,Fatty Acyls,Fatty acids and conjugates,Hydroxy fatty acids,24077270.72,15397203.17,14598062.4,11003949.36,14669721.84,18738432.98,12503854.81,14341763.69,13945999.87,16639512.65
Com_149_pos,2-(cyclopropylcarbonyl)-3-(4-fluoroanilino)acrylonitrile,C13 H11 F N2 O,252.06681,9.509,253.07428,Invalid mass,No results,No results,,,,,487346.0512,640093.342,557154.5002,752295.7412,573102.4418,643104.7582,1018759.862,505359.5296,759856.6738,729119.6944
Com_150_pos,5-Hydroxytryptophol,C10 H11 N O2,177.07889,1.335,178.08617,No results,No results,Full match,Organoheterocyclic compounds,Indoles and derivatives,Hydroxyindoles,Hydroxyindoles,23165086.71,18047329.38,9055423.452,9246709.845,28353464.55,15444635.62,8577262.373,13417792.88,10336041.49,7727645.231
Com_151_pos,octadec-9-ynoic acid,C18 H32 O2,262.22955,9.815,263.23718,Invalid mass,No results,No results,,,,,23104522.28,11152262.82,17097520.29,17190776.52,20044222.35,20885997.61,7331080.516,19055419.64,12337134.04,19198052.36
Com_152_pos,6-(3-hydroxybutan-2-yl)-5-(hydroxymethyl)-4-methoxy-2H-pyran-2-one,C11 H16 O5,266.05123,1.328,267.05859,Invalid mass,No results,No results,,,,,22391034.37,16239984.31,13679010.52,14992859.12,20051055.61,18803210.91,16791694.41,18020364.31,22196179,25196172.31
Com_153_pos,MAG (18:3),C21 H36 O4,352.26088,8.803,353.26859,No results,No results,Full match,Lipids and lipid-like molecules,Glycerolipids,Monoradylglycerols,Monoacylglycerols,8608838.292,1753119.282,2789539.009,2297269.387,10405619.75,8158241.019,1587535.561,21055303.98,1991445.636,2139436.902
Com_154_pos,DL-5-Methoxytryptophan,C12 H14 N2 O3,217.07382,5.176,218.08119,Invalid mass,Invalid mass,No results,Organoheterocyclic compounds,Indoles and derivatives,Tryptamines and derivatives,Serotonins,17106184.74,9492676.293,12085844.4,14722524.96,13001850.79,14985548.64,8100830.007,20802750.98,11443263.09,13181351.43
Com_155_pos,DL-2-(acetylamino)-3-phenylpropanoic acid,C11 H13 N O3,229.07156,5.678,230.07877,Invalid mass,No results,No results,,,,,22606879.42,7147861.519,8084460.431,5499212.292,11963490.4,9822315.15,11772346.06,17261249.33,9250696.145,18571208.61
Com_156_pos,"1-(2-furyl)pentane-1,4-dione",C9 H10 O3,188.04493,5.609,189.05241,Invalid mass,No results,No results,,,,,13072475.49,2296038.959,1644421.301,1150138.559,1826668.8,1597415.849,1544002.09,20566545.79,1650977.79,2483222.911
Com_157_pos,"(2R)-2-[(2R,5S)-5-[(2S)-2-hydroxybutyl]oxolan-2-yl]propanoic acid",C11 H20 O4,198.12363,6.081,199.13089,Invalid mass,Invalid mass,No results,,,,,7251088.303,4673021.941,8172779.614,8208948.452,9144976.2,7551134.705,5321521.928,20253910.03,5038240.225,4689702.175
Com_158_pos,"2-(14,15-Epoxyeicosatrienoyl) glycerol",C23 H38 O5,416.25353,6.76,417.26102,Invalid mass,No results,No results,Lipids and lipid-like molecules,Glycerolipids,Monoradylglycerols,2-monoacylglycerols,12240334.54,4812323.735,6300956.417,3435497.97,6742903.108,17578583.77,9823562.571,20141390.24,7841536.209,13858882.08
Com_159_pos,4-oxododecanedioic acid,C12 H20 O5,266.11305,5.801,267.12045,Invalid mass,No results,No results,,,,,13316255.15,8370085.167,8834470.661,8789003.251,13887900.75,10088326.65,10238488.55,15573426.26,11111494.9,23578643.73
Com_160_pos,7-Ketocholesterol,C27 H44 O2,400.33386,10.857,401.34088,No results,No results,Full match,Lipids and lipid-like molecules,Steroids and steroid derivatives,Cholestane steroids,Cholesterols and derivatives,7597257.719,10585114.61,7666017.509,10274868.42,9555516.829,13292289.71,9736898.337,9063932.113,12284537.81,12423812.64
Com_161_pos,"2,4-dihydroxyheptadec-16-en-1-yl acetate",C19 H36 O4,350.24307,7.324,351.25034,Invalid mass,No results,No results,,,,,20968647,6202651.086,5885549.263,6643170.084,6126341.553,12253253.77,4912052.264,17919868.64,5982379.161,5764308.868
Com_162_pos,N-Methyldioctylamine,C17 H37 N,255.29243,6.44,256.29974,Full match,No results,No results,,,,,8037423.196,13044280.94,24043462.31,6259872.858,7545400.591,6831087.783,6180792.757,7303299.651,7972882.667,8522505.544
Com_163_pos,D-Phenylalanine,C9 H11 N O2,165.07901,6.258,166.08653,No results,No results,Full match,Organic acids and derivatives,Carboxylic acids and derivatives,"Amino acids, peptides, and analogues",Phenylalanine and derivatives,15267916.73,7968665.986,4919031.8,18835922.26,14786158.56,15096926.27,7946023.353,18152294.94,17470070.82,17752711.52
Com_164_pos,(9cis)-Retinal,C20 H28 O,284.21385,7.619,285.22153,Full match,No results,Full match,Lipids and lipid-like molecules,Prenol lipids,Retinoids,Retinoids,17219933.18,5664760.449,7442913.237,4574299.197,5535007.755,7492168.208,6631840.884,18046876.8,9855313.804,4517404.148
Com_165_pos,5'-S-Methyl-5'-thioadenosine,C11 H15 N5 O3 S,297.08927,5.182,298.09613,No results,Full match,Full match,"Nucleosides, nucleotides, and analogues",5'-deoxyribonucleosides,5'-deoxy-5'-thionucleosides,5'-deoxy-5'-thionucleosides,1032211.941,5798924.884,13655551.44,22723968.86,8861467.553,912429.598,16852018.39,589875.8089,16655685.09,20656879.24
Com_166_pos,PC (14:1e/6:0),C28 H56 N O7 P,549.37932,10.008,550.38708,No results,Full match,No results,Lipids and lipid-like molecules,Glycerophospholipids,Glycerophosphocholines,Phosphocholines,9983825.743,15510068.77,4393196.565,8584856.042,8018922.901,15799508.37,6754365.692,10258753.34,7023096.106,21302613.4
Com_167_pos,3-Methoxycinnamic acid,C10 H10 O3,160.05265,8.96,161.06007,Invalid mass,Invalid mass,No results,Phenylpropanoids and polyketides,Cinnamic acids and derivatives,Hydroxycinnamic acids and derivatives,Coumaric acids and derivatives,19439742.27,14786038.07,12046128.13,15169922.66,14517764.32,13083745.32,11689864.43,15128206.87,14739278.01,17437747.88
Com_168_pos,XLR11 N-(4-hydroxypentyl) metabolite,C21 H28 F N O2,345.21495,5.43,346.22241,Invalid mass,No results,No results,Organoheterocyclic compounds,Indoles and derivatives,N-alkylindoles,N-alkylindoles,11407518.4,5792426.083,7209802.968,3892212.108,9249292.198,9963936.33,6627315.803,15934147.46,6367544.309,20272904.19
Com_169_pos,(+/-)11(12)-DiHET,C20 H34 O4,360.22727,6.955,361.23419,Invalid mass,No results,No results,Lipids and lipid-like molecules,Fatty Acyls,Eicosanoids,Hydroxyeicosatrienoic acids,8359505.312,14722820.45,12081637.32,11325470.33,10803411.58,13670792.36,11457023.68,13657170.47,17946382.94,9403833.627
Com_170_pos,ACar 15:1,C22 H42 N O4,383.30335,6.684,384.31088,No results,Invalid mass,No results,Lipids and lipid-like molecules,Fatty Acyls,Fatty acid esters,Acyl carnitines,11758974.17,9379283.032,6935875.628,7747139.535,9640396.401,4772880.48,9438853.211,14173604.45,14946713.21,19017434.6
Com_171_pos,2-Hydroxy-3-methylbutanoic acid,C5 H10 O3,118.06321,5.143,119.07066,No results,No results,Full match,Lipids and lipid-like molecules,Fatty Acyls,Fatty acids and conjugates,Hydroxy fatty acids,11130553.89,8034253.051,10119711.42,9783550.708,10031678.04,11457134.55,8849698.969,10183263.46,14563199.22,18698294.95
Com_172_pos,L-Asparagine,C4 H8 N2 O3,132.05341,1.282,155.04271,No results,No results,Full match,Organic acids and derivatives,Carboxylic acids and derivatives,"Amino acids, peptides, and analogues",Asparagine and derivatives,5465201.559,7724984.719,13090861.28,10411163.19,12694379.95,9664240.965,9530233.069,4174769.723,19577769.48,18636187.02
Com_173_pos,4-Hydroxyretinoic Acid,C20 H28 O3,316.20335,6.446,317.21024,No results,No results,Full match,Lipids and lipid-like molecules,Prenol lipids,Retinoids,Retinoids,16932750.29,10195465.23,7810038.981,8833674.005,8498720.426,11327195.74,8214122.362,14751071.24,6107266.594,5565516.71
Com_174_pos,N-Acetyl-aspartic acid,C6 H9 N O5,175.04814,1.975,176.05542,No results,No results,Full match,Organic acids and derivatives,Carboxylic acids and derivatives,"Amino acids, peptides, and analogues",Aspartic acid and derivatives,14466311.89,7867790.229,6384548.481,6554223.057,10990080.72,13579045.67,10451626.24,15500615.8,9312092.954,11189454.38
Com_175_pos,PC (19:1/20:5),C47 H82 N O8 P,819.57512,11.008,820.5824,No results,Full match,No results,Lipids and lipid-like molecules,Glycerophospholipids,Glycerophosphocholines,Phosphocholines,15808283.05,10548097.22,13661723.02,18101170.08,7032416.115,13414342.54,9014436.873,11985216.8,20097916.35,14731181.44
Com_176_pos,D-Panthenol,C9 H19 N O4,205.13142,5.09,206.1387,Full match,No results,Full match,Organic oxygen compounds,Organooxygen compounds,Alcohols and polyols,Secondary alcohols,15389545.11,4555944.128,7651040.207,4231200.228,5206876.398,3976806.18,2739407.699,3927449.163,5530547.887,4158301.721
Com_177_pos,L-serine,C3 H7 N O3,105.04296,1.282,106.05029,No results,No results,Full match,Organic acids and derivatives,Carboxylic acids and derivatives,"Amino acids, peptides, and analogues",Serine and derivatives,11821997.09,6753690.101,10104838.83,7814606.856,13108097.85,16828096.45,9656831.039,11455096.99,12472118.8,14472905.97
Com_178_pos,PC (18:3/18:3),C44 H76 N O8 P,777.52954,11.011,778.53717,No results,Full match,No results,Lipids and lipid-like molecules,Glycerophospholipids,Glycerophosphocholines,Phosphocholines,14898976.52,5687359.747,15457899.13,5935916.004,6193853.033,4573709.137,13438020.44,13917697.69,19389540.31,8730088.378
Com_179_pos,Prostaglandin K2,C20 H30 O5,332.1983,6.86,333.20615,Invalid mass,No match,No results,Lipids and lipid-like molecules,Fatty Acyls,Eicosanoids,Prostaglandins and related compounds,13163148.32,11051355.98,6465057.902,10088997.58,8515225.599,13296881.5,8462458.049,13056327.74,9854938.572,16491031.1
Com_180_pos,"4-methoxy-6-(prop-2-en-1-yl)-2H-1,3-benzodioxole",C11 H12 O3,192.07922,6.473,193.08653,Full match,No results,No results,,,,,15008631.54,7783085.114,9880350.765,7077608.85,8517036.395,12465619.08,5124330.966,7205340.894,7323742.677,11537075.97
Com_181_pos,ACar 18:2,C25 H46 N O4,423.33452,7.029,424.3414,No results,Invalid mass,No results,Lipids and lipid-like molecules,Fatty Acyls,Fatty acid esters,Acyl carnitines,13680906.95,2905204.218,3715326.949,4211196.68,6561038.932,4497126.226,3399649.731,4431355.582,6059559.251,4151350.111
Com_182_pos,cGMP,C10 H12 N5 O7 P,345.04853,9.182,346.0556,No results,No results,Full match,"Nucleosides, nucleotides, and analogues",Purine nucleotides,Cyclic purine nucleotides,"3',5'-cyclic purine nucleotides",9890719.622,6720288.093,8275362.063,8181818.948,12453171.46,11327413.04,5120459.473,12024132.69,6806102.296,6833277.176
Com_183_pos,Prostaglandin H1,C20 H34 O5,336.23276,5.072,337.24008,Invalid mass,No results,No results,Lipids and lipid-like molecules,Fatty Acyls,Eicosanoids,Prostaglandins and related compounds,13097873.57,8856402.519,6654149.853,7879625.448,8295307.453,11650326.61,7041769.048,11772964.23,7892968.455,10742988.99
Com_184_pos,Dehydroepiandrosterone (DHEA),C19 H28 O2,270.1979,6.231,271.20517,Invalid mass,Invalid mass,No results,Lipids and lipid-like molecules,Steroids and steroid derivatives,Androstane steroids,Androgens and derivatives,12795238.34,5814067.248,5942279.034,8456154.664,6567872.357,5579074.262,5161704.869,11482465.19,8875631.609,7389348.686
Com_185_pos,Avocadyne 1-acetate,C19 H34 O4,308.23497,8.365,309.24237,No results,Invalid mass,No results,Lipids and lipid-like molecules,Fatty Acyls,Fatty alcohols,Long-chain fatty alcohols,8538394.024,5258639.894,5867342.613,8668306.073,5904888.673,5887326.202,5424145.327,9017132.561,6746255.071,14010072.76
Com_186_pos,7¦Á-Hydroxytestosterone,C19 H28 O3,304.20351,6.956,305.21082,Full match,No results,Full match,Lipids and lipid-like molecules,Steroids and steroid derivatives,Androstane steroids,Androgens and derivatives,9317159.342,6057344.792,5559367.762,5811266.979,9042945.249,5716763.697,5201357.449,11286506.69,7151128.054,6030715.238
Com_187_pos,RPK,C17 H33 N7 O4,399.26209,5.783,400.26971,Invalid mass,No results,No results,,,,,4044220.427,2741506.504,4462608.75,2416579.289,3236124.056,2837701.912,2745239.658,4881132.265,7245764.38,13468904.46
Com_188_pos,Melatonin,C13 H16 N2 O2,232.12445,5.922,233.13161,Invalid mass,No results,No results,Organoheterocyclic compounds,Indoles and derivatives,Indoles,3-alkylindoles,11945513.92,4462549.288,6574186.268,8294656.254,9294998.164,7235095.331,1352819.49,7142808.839,6915865.401,7371861.776
Com_189_pos,3-Indoleacrylic acid,C11 H9 N O2,187.06343,6.095,188.07074,No results,No results,Full match,Organic acids and derivatives,Carboxylic acids and derivatives,"Amino acids, peptides, and analogues",N-acyl-alpha amino acids,11204143.76,7160553.541,5056070.416,6312509.943,5651654.969,5542434.725,8666246.395,10783231.38,7080957.599,6696024.882
Com_190_pos,¦Â-Cortolone,C21 H34 O5,348.22984,6.297,349.23679,Invalid mass,Unused,No results,Lipids and lipid-like molecules,Steroids and steroid derivatives,Hydroxysteroids,21-hydroxysteroids,9799761.201,9422323.895,1736477.145,3628859.128,2518939.14,3663941.376,1729283.638,4670479.065,3653800.294,1854859.629
Com_191_pos,ACar 15:0,C22 H44 N O4,385.31898,6.875,386.327,No results,Invalid mass,No results,Lipids and lipid-like molecules,Fatty Acyls,Fatty acid esters,Acyl carnitines,10363841.62,5679023.838,4544475.89,9883517.019,7968981.169,6510184.212,7809006.866,10677097.05,10696996.95,10063346.57
Com_192_pos,ACar 20:0,C27 H54 N O4,455.3971,8.199,456.40405,No results,Invalid mass,No results,Lipids and lipid-like molecules,Fatty Acyls,Fatty acid esters,Acyl carnitines,11294839.9,9281403.132,5939558.683,11169745.53,9474864.96,10021368.19,8779936.321,9102459.818,9955338.478,9322729.457
Com_193_pos,10-Nitrolinoleate,C18 H31 N O4,342.25575,7.266,343.26288,Invalid mass,Invalid mass,No results,Lipids and lipid-like molecules,Fatty Acyls,Lineolic acids and derivatives,Lineolic acids and derivatives,4687054.559,3553539.065,1441566.004,1403178.159,1689586.166,1039477.495,4143767.694,10534577.1,964472.836,1108616.578
Com_194_pos,Methyl 3-indolyacetate,C11 H11 N O2,189.07884,6.016,190.08618,No results,No results,Full match,Organoheterocyclic compounds,Indoles and derivatives,Indolyl carboxylic acids and derivatives,Indole-3-acetic acid derivatives,8401080.949,5376981.85,2870959.626,4950270.954,6138900.69,5495833.034,4659745.57,10336697.62,5126871.226,9948931.363
Com_195_pos,2-[(3S)-1-(1H-Indol-3-ylmethyl)-3-pyrrolidinyl]-1H-benzimidazole,C20 H20 N4,316.17105,9.311,317.17874,Invalid mass,No results,No results,Organoheterocyclic compounds,Indoles and derivatives,Indoles,3-alkylindoles,9175304.704,4335740.912,7353324.913,6968841.306,8723151.099,9067365.27,3998804.43,9345004.571,8972429.32,7891534.68
Com_196_pos,6-Methoxy-2-naphthoic acid,C12 H10 O3,202.06313,5.596,203.07002,No results,No results,Full match,Benzenoids,Naphthalenes,Naphthalenecarboxylic acids and derivatives,Naphthalenecarboxylic acids,3830390.646,8176942.402,7877242.593,4945647.079,6154046.1,4211901.154,9468566.684,6759547.341,10135371.06,8375471.768
Com_197_pos,"5-ethoxy-2-[(2,3,4,5,6-pentafluorobenzyl)thio]-1H-benzo[d]imidazole",C16 H11 F5 N2 O S,396.03422,7.536,397.04111,Invalid mass,No results,No results,,,,,439992.136,374571.3376,426751.1913,449302.3625,490755.5715,450159.5247,400348.3469,402648.6703,546090.7951,449405.5597
Com_198_pos,Pleuromutilin,C22 H34 O5,395.26435,7.147,396.27182,Invalid mass,No results,No results,,,,,558024.4424,695830.4045,548498.6574,3577509.377,414190.4836,383714.2089,9612902.653,1325631.015,650571.3063,599181.0385
Com_199_pos,Oleoyl ethylamide,C20 H39 N O,309.30324,6.88,310.31052,Full match,No results,No results,Lipids and lipid-like molecules,Fatty Acyls,Fatty amides,N-acyl amines,9922244.07,6265446.825,8410879.29,8618994.3,8966480.709,8524554.785,5566785.843,7020265.568,10595244.04,4337228.232
Com_200_pos,PC (16:2e/3:0),C27 H52 N O7 P,533.34684,9.054,534.3537,No results,Full match,No results,Lipids and lipid-like molecules,Glycerophospholipids,Glycerophosphocholines,Phosphocholines,8727814.428,6569404.19,2630487.819,3239976.744,5774332.54,10874511.34,5355326.655,7397594.121,4671960.05,7341353.179
Com_201_pos,alpha-Farnesene,C15 H24,204.18732,9.654,205.1946,No results,No results,Full match,Lipids and lipid-like molecules,Prenol lipids,Sesquiterpenoids,Sesquiterpenoids,6735947.408,5351462.836,7680740.815,7385580.066,6870022.559,5578259.998,5729833.848,7726144.875,7898080.835,7066218.839
Com_202_pos,Estriol,C18 H24 O3,328.16888,10.179,329.17703,Invalid mass,No results,No results,Lipids and lipid-like molecules,Steroids and steroid derivatives,Estrane steroids,Estrogens and derivatives,4645333.73,6396985.816,9963072.441,10944199.02,9342051.994,7719559.391,6180458.616,5820573.949,8918012.079,7810580.403
Com_203_pos,"3-amino-2-phenyl-2H-pyrazolo[4,3-c]pyridine-4,6-diol",C12 H10 N4 O2,242.08029,5.823,243.08763,Full match,No results,No results,,,,,5559579.885,4977348.926,2906038.556,5379198.007,6936280.996,8578065.643,5166951.271,8432443.267,5429288.839,5205881.044
Com_204_pos,"4,4'-dimethoxy[1,1'-biphenyl]-2-carbonitrile",C15 H13 N O2,239.09441,4.809,240.10146,Full match,No results,No results,,,,,5341375.273,7248841.568,1221492.739,1560921.85,7677462.579,3408179.991,6135499.557,5847723.809,7547566.942,9528511.072
Com_205_pos,Quinoline-4-carboxylic acid,C10 H7 N O2,173.04691,6.276,174.05418,No results,No results,Full match,Organoheterocyclic compounds,Quinolines and derivatives,Quinoline carboxylic acids,Quinoline carboxylic acids,8753565.119,2706377.473,3726228.94,2733814.588,3486379.399,3890332.624,1933833.815,2436257.584,2856437.241,4398022.386
Com_206_pos,Histamine,C5 H9 N3,111.08011,1.131,112.0874,No results,No results,Full match,Organic nitrogen compounds,Organonitrogen compounds,Amines,2-arylethylamines,1372062.81,3169725.974,2528774.93,7131422.664,726152.4613,2209048.85,2092899.504,2241484.923,11588734.51,3967218.936
Com_207_pos,PC (15:0/16:1),C39 H76 N O8 P,700.49594,8.387,701.50256,No results,Invalid mass,No results,Lipids and lipid-like molecules,Glycerophospholipids,Glycerophosphocholines,Phosphocholines,2125345.715,4184594.41,9626466.783,2098793.668,2155078.631,2489488.117,1134700.118,2274072.309,3311786.456,3049367.203
Com_208_pos,17alpha-Hydroxyprogesterone,C21 H30 O3,330.21926,6.254,331.22626,No results,No results,Full match,Lipids and lipid-like molecules,Steroids and steroid derivatives,Pregnane steroids,"Gluco/mineralocorticoids, progestogins and derivatives",5668287.907,6317726.171,2497515.694,2776495.891,2371491.057,1653981.451,3739971.368,4964344.019,2513204.978,1183474.183
Com_209_pos,Dehydrocholic acid,C24 H34 O5,402.2382,6.914,403.24548,Invalid mass,No results,No results,Lipids and lipid-like molecules,Steroids and steroid derivatives,"Bile acids, alcohols and derivatives","Bile acids, alcohols and derivatives",7363573.129,2567290.586,2357888.939,1951059.782,1726276.088,4309443.333,673038.5443,2424273.431,1416239.941,1719042.15
Com_210_pos,PC (14:1e/4:0),C26 H52 N O7 P,521.34793,8.303,522.35547,No results,Full match,Full match,Lipids and lipid-like molecules,Glycerophospholipids,Glycerophosphocholines,Phosphocholines,5438096.249,3793576.896,5887934.858,6476619.032,5662560.594,4704558.849,2742494.657,3809199.312,6553959.71,5650343.525
Com_211_pos,Neosaxitoxin,C10 H17 N7 O5,315.12884,1.369,316.13623,Full match,No results,No results,Phenylpropanoids and polyketides,"Saxitoxins, gonyautoxins, and derivatives",Not available,"Saxitoxins, gonyautoxins, and derivatives",2027514.12,1147068.125,2167525.63,7899625.091,1975945.37,1316118.118,4056722.044,1396744.845,1619176.012,1558391.607
Com_212_pos,Cholecalciferol,C27 H44 O,384.33919,9.712,385.34628,Full match,No results,No results,Lipids and lipid-like molecules,Steroids and steroid derivatives,Vitamin D and derivatives,Vitamin D and derivatives,2356050.954,4151750.727,3960169.953,2916121.081,3304860.32,2338793.232,3974968.616,3074971.566,3872842.719,7467827.578
Com_213_pos,Heptadecanoic Acid,C17 H34 O2,292.2399,8.191,293.24741,Invalid mass,No match,No results,Lipids and lipid-like molecules,Fatty Acyls,Fatty acids and conjugates,Long-chain fatty acids,2096406.35,1544410.388,1260015.298,1804884.598,2118699.589,2671870.609,1726673.946,1565528.671,2113252.454,1585054.372
Com_214_pos,(5E)-7-methylidene-10-oxo-4-(propan-2-yl)undec-5-enoic acid,C15 H24 O3,274.15688,6.33,275.16415,Invalid mass,Invalid mass,No results,,,,,3121333.14,1402257.343,2739712.731,2227231.504,2469076.304,2274650.684,1527229.037,5900542.085,1952000.605,1672421.058
Com_215_pos,"11(Z),14(Z),17(Z)-Eicosatrienoic acid",C20 H34 O2,306.25576,8.68,307.26312,Full match,Partial match,Full match,Lipids and lipid-like molecules,Fatty Acyls,Fatty acids and conjugates,Long-chain fatty acids,2994047.436,3576035.422,4651506.775,5208267.901,3808467.613,4407599.633,4893182.499,2922140.413,7125811.646,7018504.371
Com_216_pos,D-Ala-D-Ala,C6 H12 N2 O3,160.08516,1.323,161.09213,No results,No results,Full match,Organic acids and derivatives,Carboxylic acids and derivatives,"Amino acids, peptides, and analogues",Dipeptides,2156538.77,5129929.724,3132885.348,4031124.462,3551737.809,2432109.395,3910113.826,2782927.566,3457720.061,4434800.16
Com_217_pos,11-Deoxy prostaglandin F1¦Á,C20 H36 O4,362.24321,8.755,363.2507,Invalid mass,No results,No results,Lipids and lipid-like molecules,Fatty Acyls,Eicosanoids,Prostaglandins and related compounds,1367805.485,2089695.792,3320456.124,3962923.301,2959164.898,2415352.279,2155758.562,5682173.652,3464188.795,4835205.008
Com_218_pos,ACar 19:0,C26 H52 N O4,441.38169,7.925,442.38971,No results,Invalid mass,No results,Lipids and lipid-like molecules,Fatty Acyls,Fatty acid esters,Acyl carnitines,5344707,4056049.327,2942035.831,4140299.146,5133072.875,5005650.13,4653075.137,5495826.493,4004543.517,3911272.156
Com_219_pos,PC (17:0/18:3),C43 H80 N O8 P,769.56052,10.101,752.55896,No results,Full match,No results,Lipids and lipid-like molecules,Glycerophospholipids,Glycerophosphocholines,Phosphocholines,3835366.041,2868262.598,5190329.487,2285669.258,2980736.085,6548609.918,2849923.205,2926901.721,4339796.623,6086323.977
Com_220_pos,H-Gly-Pro-OH,C7 H12 N2 O3,172.08478,1.334,173.09216,No results,No results,Full match,Organic acids and derivatives,Carboxylic acids and derivatives,"Amino acids, peptides, and analogues",Dipeptides,3528557.038,4158498.569,3357684.767,2815281.574,3104175.546,2709280.669,2849039.666,3127839.606,4659995.219,5983048.428
Com_221_pos,"1-(2'-fluoro[1,1'-biphenyl]-4-yl)propan-1-one",C15 H13 F O,228.09863,5.651,229.10579,Invalid mass,No results,No results,,,,,1998921.182,1054234.082,1176822.127,1093131.76,1592716.304,1157679.428,1022700.414,4929654.808,1301410.607,1339304.016
Com_222_pos,1-[5-(2-phenyleth-1-ynyl)-2-thienyl]ethan-1-one oxime,C14 H11 N O S,241.056,5.515,242.06328,Full match,No results,No results,,,,,3043256.214,4158609.904,1754237.999,1801020.977,1551693.524,1521778.825,1212321.07,1977537.657,1414328.466,3991878.388
Com_223_pos,3-(2-Naphthyl)-D-Alanine,C13 H13 N O2,215.09456,6.068,216.1022,No results,No results,Full match,,,,,2592617.383,2673701.964,3075612.005,3201660.914,4060563.974,1593438.968,3766410.225,4717031.534,3968670.931,4154075.503
Com_224_pos,Homo-Gamma-Linolenic Acid (C20:3),C20 H34 O2,306.2558,9.846,307.26352,No results,No results,Full match,Lipids and lipid-like molecules,Fatty Acyls,Fatty acids and conjugates,Long-chain fatty acids,4321131.113,3322967.95,3080716.345,2698085.051,2260974.39,3730569.821,2193123.339,4693676.003,3369447.459,4645630.264
Com_225_pos,Nicotinuric Acid,C8 H8 N2 O3,180.0541,5.26,181.06125,No results,No results,Full match,Organic acids and derivatives,Carboxylic acids and derivatives,"Amino acids, peptides, and analogues",N-acyl-alpha amino acids,4672641.376,1360483.085,1831530.127,4090435.437,2604234.818,3598719.471,2718480.772,2790224.943,5657461.439,3081602.509
Com_226_pos,"All-Trans-13,14-Dihydroretinol",C20 H32 O,288.24523,11.082,289.25241,No results,No results,Full match,,,,,1279162.609,3422236.468,1706306.061,1573336.461,1506240.291,1293584.232,1243797.871,3263169.133,1372575.157,3446774.997
Com_227_pos,3-Methylindole,C9 H9 N,131.07349,6.323,132.08086,No results,No results,Full match,Organoheterocyclic compounds,Indoles and derivatives,Indoles,3-methylindoles,2774577.831,2989979.255,2176165.665,1392297.212,3761104.271,1913852.412,1943699.33,2828443.552,2836848.526,1476367.578
Com_228_pos,"3,4-Dihydroxyphenylpropionic acid",C9 H10 O4,164.05047,10.378,165.05742,No results,Invalid mass,No results,Phenylpropanoids and polyketides,Phenylpropanoic acids,Not available,Phenylpropanoic acids,979885.0014,1015684.941,1271167.844,1264356.035,1111911.938,1098195.232,806979.3024,1101523.231,1512568.879,1451582.689
Com_229_pos,5¦Á-Tetrahydrocortisol,C21 H34 O5,388.22761,10.172,389.23483,No results,Invalid mass,No results,Lipids and lipid-like molecules,Steroids and steroid derivatives,Hydroxysteroids,21-hydroxysteroids,2624200.907,2493226.031,3942954.189,3878310.593,3876355.655,3441993.171,2890319.661,2914664.891,3557771.389,3056336.066
Com_230_pos,Riboflavin,C17 H20 N4 O6,177.07699,5.37,178.08389,No results,Invalid mass,No results,Organoheterocyclic compounds,Pteridines and derivatives,Alloxazines and isoalloxazines,Flavins,1661498.185,1383078.618,1041976.452,1720679.425,1121037.878,3937224.38,1815449.266,1186348.039,1570611.323,2110687.556
Com_231_pos,Monocrotaline,C16 H23 N O6,325.15242,5.152,326.1597,Full match,No results,No results,Organoheterocyclic compounds,Pyrrolizines,Not available,Pyrrolizines,2213636.293,836388.2205,1789994.157,1409282.629,1729017.493,2169108.528,2533584.249,1961158.712,3061506.883,3825841.944
Com_232_pos,"16-Heptadecyne-1,2,4-triol",C17 H32 O3,306.21857,7.594,307.22562,Invalid mass,Invalid mass,No results,Lipids and lipid-like molecules,Fatty Acyls,Fatty alcohols,Long-chain fatty alcohols,3320077.326,2742357.695,3935601.483,2653226.112,2194291.043,2243446.367,1491362.397,2314529.085,2461573.854,3426917.361
Com_233_pos,Anacardic acid,C22 H36 O3,326.28233,8.732,327.28915,No results,Invalid mass,No results,Benzenoids,Benzene and substituted derivatives,Benzoic acids and derivatives,Salicylic acids,2556653.935,2500009.235,2835844.537,2742192.434,1909170.225,2502508.955,2716897.311,2457407.247,3221386.48,3700589.665
Com_234_pos,(5-L-Glutamyl)-L-Amino Acid,C8 H14 N2 O5,218.09028,1.333,219.09731,No results,No results,Full match,Organic acids and derivatives,Carboxylic acids and derivatives,"Amino acids, peptides, and analogues",N-acyl-alpha amino acids,2328485.903,1142866.872,1480432.046,1961070.485,1868589.855,1195539.315,1135175.579,2854466.017,1709538.805,2142161.732
Com_235_pos,2-Methylbutyroylcarnitine,C12 H23 N O4,245.1625,5.865,246.16939,No results,No results,Full match,Lipids and lipid-like molecules,Fatty Acyls,Fatty acid esters,Acyl carnitines,1367787.281,668945.2421,1282514.549,1131440.954,1330607.599,1252726.22,1041734.91,841933.1134,1112389.298,3264736.477
Com_236_pos,Lipoic acid,C8 H14 O2 S2,206.04372,1.248,207.05099,No results,No results,Full match,Organoheterocyclic compounds,Dithiolanes,Lipoic acids and derivatives,Lipoic acids and derivatives,2922289.061,889300.774,1110436.01,1019052.577,1096092.684,806121.8176,920887.3495,1836994.703,1091275.652,914843.3132
Com_237_pos,L-Tryptophan,C11 H12 N2 O2,204.0897,1.352,205.09688,No results,No results,Full match,Organoheterocyclic compounds,Indoles and derivatives,Indolyl carboxylic acids and derivatives,Indolyl carboxylic acids and derivatives,619580.5869,952629.6977,1323236.401,3226425.095,908473.1964,1232902.86,653190.3788,534074.816,1946310.668,333445.5614
Com_238_pos,Deoxycytidine,C9 H13 N3 O4,227.09035,1.331,228.09715,No results,No results,Full match,"Nucleosides, nucleotides, and analogues",Pyrimidine nucleotides,Pyrimidine deoxyribonucleotides,Pyrimidine 2'-deoxyribonucleoside monophosphates,1634293.851,1670817.109,1892715.997,2564976.888,2363141.685,1475388.142,1847286.007,1427326.661,3514006.396,3009981.705
Com_239_pos,"6-benzyl-4-oxo-1,4-dihydropyridine-3-carboxamide",C13 H12 N2 O2,250.07099,6.429,251.07814,Invalid mass,No results,No results,,,,,734268.7923,186457.2554,130210.8679,1707953.191,106208.3314,158752.4542,85116.39767,88778.3134,114274.1865,98486.27849
Com_240_pos,PC (19:2/18:4),C45 H78 N O8 P,791.54193,10.515,792.54871,No results,Invalid mass,No results,Lipids and lipid-like molecules,Glycerophospholipids,Glycerophosphocholines,Phosphocholines,647167.7409,790931.0546,896062.6243,1237905.791,691872.9264,766939.3681,1147185.893,940506.7884,528405.5005,1400207.746
Com_241_pos,Lysopa 16:0,C19 H39 O7 P,410.24504,9.35,411.25232,No results,No results,Full match,Lipids and lipid-like molecules,Glycerophospholipids,Glycerophosphates,1-acylglycerol-3-phosphates,217599.2904,259126.9204,558022.3892,286464.8,1090846.497,292117.0594,208061.5306,380574.5506,431542.1023,361936.4638
Com_242_pos,"6,7,8-trimethoxy-2-(2-phenoxy-3-pyridyl)-4H-3,1-benzoxazin-4-one",C22 H18 N2 O6,211.04758,4.972,445.08438,Invalid mass,No results,No results,,,,,35329.45963,28342.25539,139321.1287,170682.2001,44422.81563,36505.47067,32637.90288,659678.5463,165381.5972,37239.67059
Com_243_pos,3-Methoxy prostaglandin F1¦Á,C21 H38 O6,368.25481,7.304,369.26208,No results,Invalid mass,No results,Lipids and lipid-like molecules,Fatty Acyls,Eicosanoids,Prostaglandins and related compounds,697322.9865,227029.3084,559754.7904,517219.4961,149130.8877,289399.4836,462324.8809,530072.2754,303456.3856,512996.2021
Com_244_pos,Bilirubin,C33 H36 N4 O6,567.23679,5.814,568.24365,Invalid mass,Invalid mass,No results,Organoheterocyclic compounds,Tetrapyrroles and derivatives,Bilirubins,Bilirubins,365239057.1,584337847.2,517172803,851584869.1,707753939.4,954170544.1,453130753.2,1353873085,693818149.5,1153710039
Com_245_pos,5-Hydroxyindole-3-acetic acid,C10 H9 N O3,191.05823,4.701,192.06569,Full match,Not the top hit,Full match,Organoheterocyclic compounds,Indoles and derivatives,Indolyl carboxylic acids and derivatives,Indole-3-acetic acid derivatives,139526869.3,91876657.15,110567737,129461135,119531012.3,92087320.37,110528400.4,171027057.7,141269077.3,209705128.2
Com_246_pos,LPE 18:0,C23 H48 N O7 P,481.31676,9.943,482.32397,No results,Full match,Full match,Lipids and lipid-like molecules,Glycerophospholipids,Glycerophosphoethanolamines,1-acyl-sn-glycero-3-phosphoethanolamines,156568960.9,112762169.8,61817055.08,93143892.4,202241806.1,173363812.9,64265592.95,143455278.3,71086267.97,112872574.5
Com_247_pos,Sebacic acid,C10 H18 O4,202.12057,6.011,203.12823,No results,No results,Full match,Lipids and lipid-like molecules,Fatty Acyls,Fatty acids and conjugates,Medium-chain fatty acids,63873884.62,66520440.46,30907442.07,38468162.74,35482701.26,68474008.32,33992064.97,107759649.5,44343900.58,82336358.23
Com_248_pos,dUMP,C9 H13 N2 O8 P,308.04202,1.913,155.02831,No results,No results,Full match,"Nucleosides, nucleotides, and analogues",Pyrimidine nucleotides,Pyrimidine deoxyribonucleotides,Pyrimidine 2'-deoxyribonucleoside monophosphates,117413444.5,41472140.37,66349322.18,42651796.02,107045401.3,54367354.78,61032038.78,78653167.63,67079656.47,97595685.17
Com_249_pos,Capryloylglycine,C10 H19 N O3,201.13652,5.562,202.14388,Full match,No results,No results,Organic acids and derivatives,Carboxylic acids and derivatives,"Amino acids, peptides, and analogues",N-acyl-alpha amino acids,90549668.29,62711215.2,58800493.81,52411822.9,57808620.59,89815453.42,49413813.73,77633772.16,68324320.21,100107277.7
Com_250_pos,N-Formylkynurenine,C11 H12 N2 O4,236.07925,4.886,237.08667,No results,No results,Full match,Organic oxygen compounds,Organooxygen compounds,Carbonyl compounds,Alkyl-phenylketones,2020741.294,16580538.94,21673105.21,25026855.36,1941946.854,1058157.665,20841894.25,1474297.661,52421864.42,24847481.73
Com_251_pos,Androsterone,C19 H30 O2,307.25066,8.826,308.2579,Invalid mass,Invalid mass,No results,Lipids and lipid-like molecules,Steroids and steroid derivatives,Androstane steroids,Androgens and derivatives,8867257.694,24491468.25,42160146.95,10283648.57,5314373.154,10995684.95,4605821.104,8007076.009,8746110.123,14014845.1
Com_252_pos,Gly-Phe,C11 H14 N2 O3,222.10032,5.17,223.10736,No results,No results,Full match,Organic acids and derivatives,Carboxylic acids and derivatives,"Amino acids, peptides, and analogues",Peptides,21301224.45,27598509.23,2172914.867,3800384.007,4331618.282,22200746.97,4973702.954,18509045.01,4635809.468,16250224.49
Com_253_pos,(R)-3-Hydroxy myristic acid,C14 H28 O3,261.23035,5.596,262.23782,Invalid mass,No results,No results,Lipids and lipid-like molecules,Fatty Acyls,Fatty acids and conjugates,Long-chain fatty acids,32525003.31,19503528.63,29365808.72,23108661.63,25504151.11,29973491.54,19883012.33,27288034.08,32997206.83,33664606.51
Com_254_pos,Methyldopa,C10 H13 N O4,211.0844,5.736,212.09169,No results,No results,Full match,Phenylpropanoids and polyketides,Phenylpropanoic acids,Not available,Phenylpropanoic acids,24122445.21,6909329.159,7863764.247,11511250.72,23060228.33,19964034.35,10649624.65,16635149.72,13884969.31,17665837.92
Com_255_pos,LPC 16:2,C24 H46 N O7 P,491.30124,8.112,492.30896,No results,Full match,Full match,Lipids and lipid-like molecules,Glycerophospholipids,Glycerophosphocholines,Phosphocholines,19060027.9,13879244.27,9503609.66,11554745.24,13279157.72,22084057.7,12924333.45,21576401.89,7354216.35,13099604.74
Com_256_pos,Pregnenolone,C21 H32 O2,316.23973,7.192,317.24701,No results,No results,Full match,Lipids and lipid-like molecules,Steroids and steroid derivatives,Pregnane steroids,"Gluco/mineralocorticoids, progestogins and derivatives",4450647.863,7479615.684,12512025.05,12559870.25,10832061.48,10407032.93,2642274.524,14051000.55,6645847.838,4804895.848
Com_257_pos,N-Oleoyl Glycine,C20 H37 N O3,339.27685,9.583,340.2847,No results,No results,Full match,Organic acids and derivatives,Carboxylic acids and derivatives,"Amino acids, peptides, and analogues",N-acyl-alpha amino acids,4942571.207,5725687.023,3227046.692,4569851.678,5419337.763,3080691.577,3979923.012,3739992.209,5048005.129,4796398.39
Com_258_pos,LPC 15:1,C23 H46 N O7 P,479.3012,8.218,480.30872,No results,Full match,Full match,Lipids and lipid-like molecules,Glycerophospholipids,Glycerophosphocholines,Phosphocholines,6296591.101,4198341.628,3607099.421,4234410.849,4686461.567,5957530.633,4541559.97,5027263.868,2922006.768,4275843.241
Com_259_pos,LPC 18:4,C26 H46 N O7 P,515.30123,7.945,516.30768,No results,Full match,No results,Lipids and lipid-like molecules,Glycerophospholipids,Glycerophosphocholines,Phosphocholines,4641786.607,4598706.303,2564389.417,6133236.425,4521436.533,6175817.919,5050704.588,3380181.55,3197762.205,5537521.058
Com_260_pos,Sodium cholate,C24 H39 Na O5,430.26921,7.575,431.27649,No results,No results,Full match,Lipids and lipid-like molecules,Steroids and steroid derivatives,"Bile acids, alcohols and derivatives","Trihydroxy bile acids, alcohols and derivatives",5511383.287,2245226.138,2104186.73,2779732.18,2846219.757,4217528.944,1821763.707,4185618.104,3265125.405,2511984.759
Com_261_pos,MAG (18:2),C21 H38 O4,354.2768,9.551,355.2843,No results,No results,Full match,Lipids and lipid-like molecules,Fatty Acyls,Lineolic acids and derivatives,Lineolic acids and derivatives,3572950.302,4341959.54,1964242.785,3312559.37,4483900.122,1953610.59,3229450.489,4784059.046,5683336.548,4571889.447
Com_262_pos,"4-Pregnen-17alpha,20alpha-Diol-3-One",C21 H32 O3,332.23457,8.482,333.24146,No results,No results,Full match,,,,,2075264.405,1988337.297,1741751.26,1690139.828,1753144.55,1718798.767,1142680.554,2216476.283,1447155.261,2264029.621
