Compound_ID,Name,Formula,Molecular Weight,RT [min],m/z,mzCloud_Results,mzVault_Results,MassList_Results,Class_I,Class_II,Class_III,Class_IV,neg_HZ_1,neg_HZ_2,neg_HZ_3,neg_HZ_4,neg_HZ_5,neg_HZ_6,neg_HZ_7,neg_HZ_8,neg_HZ_9,neg_HZ_10
Com_1_neg,D-(-)-Fructose,C6 H12 O6,180.06303,1.324,179.05537,Full match,Full match,Full match,Organic oxygen compounds,Organooxygen compounds,Carbohydrates and carbohydrate conjugates,C-glycosyl compounds,5400333063,7358813360,4466789639,3747869675,6735997790,4265539332,5150689714,4017314261,6540748695,5225506616
Com_2_neg,Stearic acid,C18 H36 O2,284.27169,11.037,283.26453,Full match,Full match,Full match,Lipids and lipid-like molecules,Fatty Acyls,Fatty acids and conjugates,Long-chain fatty acids,1392554500,1913025076,2401004820,2345264882,1894594040,2440999926,1409663764,1790958922,3106518364,2695178036
Com_3_neg,Dodecanedioic acid,C12 H22 O4,230.1516,6.441,229.14429,Full match,Full match,No results,Lipids and lipid-like molecules,Fatty Acyls,Fatty acids and conjugates,Medium-chain fatty acids,110998810.9,293219232,57396321.92,74486877.18,55856039.97,145446388,72879566.07,244616275.5,90053427.2,150683293
Com_4_neg,(¡À)12(13)-DiHOME,C18 H34 O4,314.24607,8.394,313.2388,Full match,Full match,Full match,,,,,85958645.92,75887300.89,99777292.41,122458657.6,86783471.94,89704066.43,81368583.42,125625816.5,171478099.8,282740165.9
Com_5_neg,3-Indoxyl sulphate,C8 H7 N O4 S,213.00889,5.396,212.00157,Full match,Full match,Full match,Organic acids and derivatives,Organic sulfuric acids and derivatives,Arylsulfates,Arylsulfates,215652191.3,165035625.5,152300972.6,225886379,161396586.6,62436067.46,80740889.03,107163406,215264534.5,150354129.5
Com_6_neg,Dihydroroseoside,C19 H32 O8,388.21033,5.926,387.20361,Full match,Full match,No results,Lipids and lipid-like molecules,Fatty Acyls,Fatty acyl glycosides,Fatty acyl glycosides of mono- and disaccharides,123976508.8,5143253.44,23919796.2,1725182.339,17301399.21,14733175.08,48451381.08,85179498.5,2675778.726,196957367.8
Com_7_neg,Cholic acid,C24 H40 O5,408.28783,7.181,407.28027,Full match,Full match,Full match,Lipids and lipid-like molecules,Steroids and steroid derivatives,"Bile acids, alcohols and derivatives","Trihydroxy bile acids, alcohols and derivatives",2209350046,1572323817,2278974469,2574472122,799229945,563317579.4,1781822786,8474331106,2909499824,841704973
Com_8_neg,Glycocholic acid,C26 H43 N O6,465.30928,6.764,464.30179,Full match,Full match,Full match,Lipids and lipid-like molecules,Steroids and steroid derivatives,"Bile acids, alcohols and derivatives",Glycinated bile acids and derivatives,5077831999,3299725504,1411086948,9181864235,3061005739,5812721927,4922329187,3363115071,5586088520,6317583190
Com_9_neg,Glycoursodeoxycholic acid,C26 H43 N O5,449.31478,7.208,448.30743,Full match,Full match,Full match,Lipids and lipid-like molecules,Steroids and steroid derivatives,"Bile acids, alcohols and derivatives",Glycinated bile acids and derivatives,554921610.6,395240422.3,108157529.7,775625666.2,299011832.8,558611335.7,688563061.9,360347434.6,294320835.7,524648683.6
Com_10_neg,Arachidonic acid,C20 H32 O2,304.24049,9.753,303.23328,Full match,Full match,Full match,Lipids and lipid-like molecules,Fatty Acyls,Fatty acids and conjugates,Long-chain fatty acids,428286036.3,196015237.6,177565218.4,259316606.6,453393412.3,500187205.1,150117176.3,507668898.5,266220190.4,145109388
Com_11_neg,Deoxycholic acid,C24 H40 O4,392.29319,7.931,391.28622,Full match,Full match,Full match,Lipids and lipid-like molecules,Steroids and steroid derivatives,"Bile acids, alcohols and derivatives","Dihydroxy bile acids, alcohols and derivatives",58834717.78,34166413.79,45330273.21,54033340.12,15386246.95,10035348.36,37251454.59,224168141.5,63769880.74,11076490.69
Com_12_neg,Elaidic acid,C18 H34 O2,282.25604,10.408,281.24875,Full match,No results,No results,Lipids and lipid-like molecules,Fatty Acyls,Fatty acids and conjugates,Long-chain fatty acids,2278298327,3692652993,3675392813,3821353921,3880810116,4031125005,3061607130,3185760242,5494983821,5513106331
Com_13_neg,LPC 18:1,C26 H52 N O7 P,567.35418,9.434,566.34705,No results,Invalid mass,No results,Lipids and lipid-like molecules,Glycerophospholipids,Glycerophosphocholines,Phosphocholines,2118428895,2891276606,1855921906,2028419996,2477260194,3117145979,2578356607,1969554655,1633364137,2246882428
Com_14_neg,LPC 18:2,C26 H50 N O7 P,565.33903,8.872,564.3316,No results,Invalid mass,No results,Lipids and lipid-like molecules,Glycerophospholipids,Glycerophosphocholines,Phosphocholines,1725023198,1503011376,1420278893,1669497369,1837969282,2241562890,1407127091,1277808843,1017528990,1084870502
Com_15_neg,LPC 18:0,C26 H54 N O7 P,569.37016,10.06,568.36273,No results,Invalid mass,No results,Lipids and lipid-like molecules,Glycerophospholipids,Glycerophosphocholines,Phosphocholines,1672570969,1295153807,255765730.8,884088227.1,2431900724,2058882212,885294646,1545139036,831758913.3,722540431.6
Com_16_neg,methadone-d9,C21 H18 [2]H9 N O,317.95513,1.22,316.94794,Invalid mass,No results,No results,,,,,641506190.6,885014156.1,1175529096,1573192263,1093227892,925113199.8,1132891489,626509304.6,1212100162,778989605
Com_17_neg,LPC 16:0,C24 H50 N O7 P,541.33834,8.993,540.33087,No results,Invalid mass,No results,Lipids and lipid-like molecules,Glycerophospholipids,Glycerophosphocholines,Phosphocholines,892226948.5,518623613.5,340149654.8,471359921.2,983637291.8,623095242.8,411886467.2,789036955.9,369405945.1,397857051.5
Com_18_neg,Lysopc 17:0,C25 H52 N O7 P,509.34931,10.058,508.3421,No results,No results,Full match,Lipids and lipid-like molecules,Glycerophospholipids,Glycerophosphocholines,1-acyl-sn-glycero-3-phosphocholines,640050225.2,468763533.1,295222523.8,337816904.3,888866893.5,760605210.7,318330279.3,546550574.5,83360106.48,310801014.5
Com_19_neg,"3-(methylsulfanyl)-5H-[1,2,4]triazino[5,6-b]indole",C10 H8 N4 S,216.04538,6.864,215.03796,Invalid mass,No results,No results,,,,,468936944.4,240297251,180878536.4,328874078.1,385726469.9,389280691,298742263.6,553799474.9,209354996,370494436.6
Com_20_neg,LPC 20:4,C28 H50 N O7 P,589.34022,8.805,588.33313,No results,Invalid mass,No results,Lipids and lipid-like molecules,Glycerophospholipids,Glycerophosphocholines,Phosphocholines,437177310.5,499695295.8,278030848.6,329398841,416509652,420655682.7,295541087.7,380733160.7,266836461.6,229625477
Com_21_neg,Prostaglandin D2,C20 H32 O5,334.21485,7.301,333.20752,Invalid mass,No results,No match,Lipids and lipid-like molecules,Fatty Acyls,Eicosanoids,Prostaglandins and related compounds,259477902.3,149625500.6,79341984.62,180016028.2,105308052.2,166892185.8,413234022.6,368032300.5,146329948.3,119516035
Com_22_neg,(¡À)11(12)-EET,C20 H32 O3,320.23531,8.028,319.228,Full match,Partial match,Full match,,,,,8589278.269,5751187.067,2904980.529,5603588.751,63648420.91,410040712.7,3689846.888,44335130.14,5896255.892,5189525.412
Com_23_neg,LPC 16:1,C24 H48 N O7 P,539.32357,8.581,538.31622,No results,Invalid mass,No results,Lipids and lipid-like molecules,Glycerophospholipids,Glycerophosphocholines,Phosphocholines,249804612.1,287187986.2,178345457.5,184970572.3,283418596.8,327227135.2,295641902.7,271166997.3,136677007.2,239025161
Com_24_neg,(+/-)9-HpODE,C18 H32 O4,312.2305,8,311.22305,Full match,No results,Full match,Lipids and lipid-like molecules,Fatty Acyls,Lineolic acids and derivatives,Lineolic acids and derivatives,72225702.21,61258138.73,94484265.58,106210538,74021396.55,71926238.72,76417073.7,112868956.3,144309893.4,283229237.4
Com_25_neg,SM (d14:1/20:0),C39 H79 N2 O6 P,748.57675,9.593,747.56995,No results,Invalid mass,No results,Lipids and lipid-like molecules,Sphingolipids,Phosphosphingolipids,Phosphosphingolipids,99600268.83,312839816.8,224075190.5,265868040.9,176474085.8,200170366.1,209359367.7,121404980.3,182389869.8,129628289.7
Com_26_neg,Arachidic acid,C20 H40 O2,312.30323,11.249,311.29568,Full match,No results,Full match,Lipids and lipid-like molecules,Fatty Acyls,Fatty acids and conjugates,Long-chain fatty acids,146033104.4,190548220.4,64969835.69,163455672.8,100435257.6,250710536.2,82918365.9,202719914.1,140451445.9,115962159.8
Com_27_neg,"20-Hydroxy-(5Z,8Z,11Z,14Z)-eicosatetraenoic acid",C20 H32 O3,320.2354,7.014,319.22849,Full match,No results,Full match,Lipids and lipid-like molecules,Fatty Acyls,Fatty acids and conjugates,Long-chain fatty acids,55083087.16,273354806.7,38664233.26,38161487.13,20797419.51,81655901.76,99549848.12,83665052.89,58162645.87,41154982.58
Com_28_neg,4-Methylphenol,C7 H8 O,108.05639,5.779,107.04913,Invalid mass,No results,No results,Benzenoids,Phenols,Cresols,Para cresols,151347645.7,193436157.1,156593552.2,232657425.9,176151018.4,238239312.3,200573018.3,103273914.4,263322216,96490729.35
Com_29_neg,2-Isopropylmalic acid,C7 H12 O5,176.06754,1.34,175.06027,Invalid mass,Invalid mass,No results,Lipids and lipid-like molecules,Fatty Acyls,Fatty acids and conjugates,Hydroxy fatty acids,32085082.96,1424803.026,1448897.621,1392606.046,1144234.291,3247295.017,1220350.489,164911713.6,1211633.856,1131676.648
Com_30_neg,4-Ethylphenol,C8 H10 O,122.07203,5.608,121.06476,Invalid mass,Invalid mass,No results,Benzenoids,Phenols,1-hydroxy-2-unsubstituted benzenoids,1-hydroxy-2-unsubstituted benzenoids,69488263.23,3213729.401,1432764.82,1278511.602,951672.6115,3440511.841,7108278.445,160025956.7,1216136.954,7300317.311
Com_31_neg,SM (d14:1/19:0),C38 H77 N2 O6 P,734.55988,11.733,733.55273,No results,Invalid mass,No results,Lipids and lipid-like molecules,Sphingolipids,Phosphosphingolipids,Phosphosphingolipids,112189724.6,189022492.2,234207371.9,172575441.4,263702244.2,159566003.5,198992943.7,120766382.7,169238300.2,100639111.5
Com_32_neg,LPC 17:1,C25 H50 N O7 P,553.33839,8.997,552.3316,No results,Invalid mass,No results,Lipids and lipid-like molecules,Glycerophospholipids,Glycerophosphocholines,Phosphocholines,143226905.7,203500401.6,99642045.44,131097813.3,182715130.7,210820984.2,161534724,139396336.5,101573800.2,154591922.6
Com_33_neg,LPC 17:0,C25 H52 N O7 P,555.35499,9.524,554.34802,No results,Invalid mass,No results,Lipids and lipid-like molecules,Glycerophospholipids,Glycerophosphocholines,Phosphocholines,133004035.1,97688093.34,77807708.61,71884019.7,143040734,153289473.8,79375663.28,116902488,48714553.36,67357345.43
Com_34_neg,LPC 22:5,C30 H52 N O7 P,615.35491,9.037,614.34863,No results,Invalid mass,No results,Lipids and lipid-like molecules,Glycerophospholipids,Glycerophosphocholines,Phosphocholines,95258452.17,157066604.2,63578854.67,83920691.75,155635704.3,139348188.5,67692257.74,80512817,59096469.03,66293960.39
Com_35_neg,LPC 20:3,C28 H52 N O7 P,591.3545,9.339,590.34747,No results,Invalid mass,No results,Lipids and lipid-like molecules,Glycerophospholipids,Glycerophosphocholines,Phosphocholines,54084247.95,152490254.8,44994985.46,60491921.21,77828076.61,60107844.53,120850465.3,53134889.55,66675525.88,93857948.48
Com_36_neg,Lysope 18:1,C23 H46 N O7 P,479.30141,8.581,478.29401,No results,No results,Full match,Lipids and lipid-like molecules,Glycerophospholipids,Glycerophosphoethanolamines,1-acyl-sn-glycero-3-phosphoethanolamines,118403738,120106212.6,65828394.51,73962012.6,109497013.6,122362183.4,119089221.5,99664490.39,51838329.68,98019173.12
Com_37_neg,Mestranol,C21 H26 O2,310.18106,10.267,309.17377,No results,Invalid mass,No results,Lipids and lipid-like molecules,Steroids and steroid derivatives,Estrane steroids,Estrane steroids,40150094.94,50092284.2,172735201.8,84956039.8,79471293.01,49163734.55,67263016.69,60338104.82,47612661.52,42044967.81
Com_38_neg,LPC 20:5,C28 H48 N O7 P,587.32313,8.335,586.31635,No results,Invalid mass,No results,Lipids and lipid-like molecules,Glycerophospholipids,Glycerophosphocholines,Phosphocholines,105997246.9,106164604.6,46338591.2,62285269.6,94732773.48,105321471,78235833.49,99197350.42,58511801.31,56452926.45
Com_39_neg,1-[6-(benzyloxy)-3-(tert-butyl)-2-hydroxyphenyl]ethan-1-one,C19 H22 O3,298.15968,8.698,297.1524,Invalid mass,No results,No results,,,,,62839218.66,87620517.43,38627146.35,163436856.6,118006625.7,41948060.4,101084304,78657954.8,81338934.54,79690878.89
Com_40_neg,FAHFA (18:1/20:3),C38 H66 O4,586.49383,10.406,585.48651,No results,Full match,No results,Lipids and lipid-like molecules,Fatty Acyls,Fatty acids and conjugates,Fatty acids,48344787.88,91811485.32,77080014.31,77043790.61,79953438.03,85970681.03,66091686.34,67016689.4,113172232.9,111849903
Com_41_neg,3-Hydroxybutyric acid,C4 H8 O3,104.04631,2.831,103.03903,No results,Invalid mass,No results,Organic acids and derivatives,Hydroxy acids and derivatives,Beta hydroxy acids and derivatives,Beta hydroxy acids and derivatives,77421865.91,58026059.66,67931161.29,73808174.92,98923848.32,113849895.4,52882615.53,57902736.3,80073737.13,103246442.1
Com_42_neg,DL-4-Hydroxyphenyllactic acid,C9 H10 O4,136.05139,5.226,135.04395,No results,Invalid mass,No results,Phenylpropanoids and polyketides,Phenylpropanoic acids,Not available,Phenylpropanoic acids,92862071.43,50919112.96,29693600.65,28212081.86,48534031.21,43877792.78,56481400.79,29768149.56,45540472.67,56077325.45
Com_43_neg,FAHFA (18:0/20:2),C38 H70 O4,590.52543,11.046,589.51837,No results,Full match,No results,Lipids and lipid-like molecules,Fatty Acyls,Fatty acids and conjugates,Fatty acids,87816870.09,57357308.07,81304175.43,60854612.37,66074033.09,64740811.04,84650494.81,58078962.35,112786485.5,45022077.47
Com_44_neg,Lysopc 14:0,C22 H46 N O7 P,467.30121,8.774,466.2941,No results,No results,Full match,Lipids and lipid-like molecules,Glycerophospholipids,Glycerophosphocholines,1-acyl-sn-glycero-3-phosphocholines,76790054.66,41321154.06,30190516.19,41205099.85,76651493.73,74710298.34,45614968.79,59968906.58,26887257.49,31502645.14
Com_45_neg,10-Hydroxydecanoic acid,C10 H20 O3,142.13521,6.886,141.12747,No results,Invalid mass,No results,Organic acids and derivatives,Hydroxy acids and derivatives,Medium-chain hydroxy acids and derivatives,Medium-chain hydroxy acids and derivatives,46483107.48,41142794.01,39635330.08,34119036.25,34070220.48,42302335.04,47846469.07,33741711.44,53420916.41,73787318.72
Com_46_neg,Glycolithocholic acid,C26 H43 N O4,433.31949,7.892,432.3125,No results,No results,Full match,Lipids and lipid-like molecules,Steroids and steroid derivatives,"Bile acids, alcohols and derivatives",Glycinated bile acids and derivatives,59253721.21,75708647.76,14375775.42,84260508.64,24108740.33,35914372.52,64017859.33,59656368.75,32710853.54,45065221.57
Com_47_neg,Hexanoylglycine,C8 H15 N O3,173.10436,5.669,172.09712,No results,Full match,Full match,Organic acids and derivatives,Carboxylic acids and derivatives,"Amino acids, peptides, and analogues",N-acyl-alpha amino acids,66002221.53,18801419.04,15961577.21,30795066.27,35183401.17,41914964.35,25900665.2,35537183.02,32036486.16,27199009.27
Com_48_neg,SM (d14:2/20:0),C39 H77 N2 O6 P,746.55925,11.289,745.55176,No results,Invalid mass,No results,Lipids and lipid-like molecules,Sphingolipids,Phosphosphingolipids,Phosphosphingolipids,50166520.85,49318074.6,59304758.59,46469644.24,41217411.93,40861947.75,50277406.24,28795443.2,58281242.38,32536078.54
Com_49_neg,Myristic Acid,C14 H28 O2,228.20865,9.333,227.20142,Full match,No results,Full match,Lipids and lipid-like molecules,Fatty Acyls,Fatty acids and conjugates,Long-chain fatty acids,20938245.49,38947816.03,42413761.65,38286850.87,39802577.75,27391024.13,31144188.75,28243290.46,68877994.6,46126312.53
Com_50_neg,FAHFA (16:0/18:2),C34 H62 O4,534.46228,10.202,533.4549,No results,Full match,No results,Lipids and lipid-like molecules,Fatty Acyls,Fatty acids and conjugates,Fatty acids,22936128.96,32691756.91,40348185.74,34264246.19,33269288.42,28583921.72,28194202.78,31877311.92,51485626.37,46617330.94
Com_51_neg,DL-Citrulline,C6 H13 N3 O3,175.09482,1.329,174.08743,No results,No results,Full match,Organic acids and derivatives,Carboxylic acids and derivatives,"Amino acids, peptides, and analogues",Alpha amino acids,22492248.19,40528624.61,30457630.93,22207179.9,36911652.81,49966578.36,47094186.06,34950945.13,41585433.85,39403012.8
Com_52_neg,"1,4-Cyclohexanedicarboxylic acid",C8 H12 O4,172.07272,5.56,171.06528,No results,Full match,Full match,Organic acids and derivatives,Carboxylic acids and derivatives,Dicarboxylic acids and derivatives,Dicarboxylic acids and derivatives,42526039.11,32848455.48,17665244.49,25691059.67,48293913.23,20188793.51,22545160.73,36546005.97,21910981.65,26671304.91
Com_53_neg,"2-{2-[2,5-di(methoxycarbonyl)anilino]-2-oxoethoxy}acetic acid",C14 H15 N O8,325.07965,5.178,324.07266,Full match,No results,No results,,,,,33875835.44,50253332.26,36525251.99,26043101.59,23735426.29,37466144.18,50869592.21,21329555.21,40900060.61,40286065.31
Com_54_neg,Jasmonic acid,C12 H18 O3,210.12502,6.433,209.11783,No results,Full match,No results,Lipids and lipid-like molecules,Fatty Acyls,Lineolic acids and derivatives,Jasmonic acids,18664912.22,15618276.88,16219640.67,12624879.39,18426156.33,14074316.99,14572502.4,12849024.26,28739063.24,42747440.49
Com_55_neg,N-Isobutyrylglycine,C6 H11 N O3,145.07289,4.881,144.06558,No results,Invalid mass,No results,Organic acids and derivatives,Carboxylic acids and derivatives,"Amino acids, peptides, and analogues",N-acyl-alpha amino acids,40466173.81,23672128.8,13475095.38,11871292.03,28233973.5,23352033.59,17711646.93,20766603.77,22909090.34,26504921.04
Com_56_neg,LPC 20:2,C28 H54 N O7 P,593.36967,9.72,592.36267,No results,Invalid mass,No results,Lipids and lipid-like molecules,Glycerophospholipids,Glycerophosphocholines,Phosphocholines,26938596.49,49033597.03,28882988.18,27017740.46,37554412.18,30334355.27,31496924.88,18292635.03,19003959.8,24086548.48
Com_57_neg,DL-m-Tyrosine,C9 H11 N O3,181.07333,2.274,180.06601,No results,No results,Full match,Organic acids and derivatives,Carboxylic acids and derivatives,"Amino acids, peptides, and analogues",Phenylalanine and derivatives,36176109.42,39889399.03,28366062.08,30701558.03,33897030.69,31292441.98,35876819.63,21155656.8,42012300.91,38846094.48
Com_58_neg,2-Hydroxyhippuric acid,C9 H9 N O4,195.0524,5.136,194.04507,No results,Full match,No results,Benzenoids,Benzene and substituted derivatives,Benzoic acids and derivatives,Hippuric acids,38292335.59,4194607.405,3859230.01,2944272.443,3902805.437,7661980.353,13593095.21,21727796.71,3468346.732,21285066.59
Com_59_neg,Taurochenodeoxycholic Acid (sodium salt),C26 H45 N O6 S,499.29699,11.94,498.29013,Full match,Partial match,Full match,,,,,13713054.69,7988203.209,3580938.645,28623270.66,11626540.87,41774992.87,15045450.24,13719711.95,10975943.1,11924035.96
Com_60_neg,FAHFA (14:0/6:0),C20 H38 O4,342.27685,7.72,341.26968,No results,Full match,No results,Lipids and lipid-like molecules,Fatty Acyls,Fatty acids and conjugates,Fatty acids,35609238.51,29407435.32,17015294.89,23736285.03,18022678.31,19323516.12,19618574.43,27282290.25,24116552.99,10193030.26
Com_61_neg,Pentadecanoic Acid,C15 H30 O2,242.22435,9.655,241.21719,Full match,No results,Full match,Lipids and lipid-like molecules,Fatty Acyls,Fatty acids and conjugates,Long-chain fatty acids,16780283.14,27315723.8,25327261.46,29354930.77,23036060.75,26584291.81,22816728.29,23478189.2,45650070.5,36131413.48
Com_62_neg,Linoleic Acid,C18 H32 O2,280.23991,8.872,279.23276,Full match,No results,Full match,Lipids and lipid-like molecules,Fatty Acyls,Lineolic acids and derivatives,Lineolic acids and derivatives,29875818.7,27346403.31,25608498.75,31618385.64,32376718.58,39599264.85,25643964.48,21636000.19,16791623,21053310.36
Com_63_neg,LPC 20:0,C28 H58 N O7 P,597.40114,10.264,596.39417,No results,Invalid mass,No results,Lipids and lipid-like molecules,Glycerophospholipids,Glycerophosphocholines,Phosphocholines,31567814.08,39590467.07,17814211.67,15170785.21,36197297.24,34494771.74,24076543.09,17086671.53,15870292.53,27913336.58
Com_64_neg,2-Hydroxycaproic acid,C6 H12 O3,132.07753,5.688,131.07028,No results,Invalid mass,No results,Lipids and lipid-like molecules,Fatty Acyls,Fatty acids and conjugates,Medium-chain fatty acids,30949769.22,19691050.76,18391162.55,31292888.08,23928894.28,36421296.51,23636822.04,21305077.87,32435961.79,25233301.07
Com_65_neg,3-Methyladipic acid,C7 H12 O4,160.07266,5.475,159.06546,No results,Invalid mass,No results,Lipids and lipid-like molecules,Fatty Acyls,Fatty acids and conjugates,Medium-chain fatty acids,21943038.91,17510237.2,20378838.29,14889494.32,13701467.01,19105353.42,20073939.37,26215381.69,22107329.14,26308039.13
Com_66_neg,(¡À)8(9)-DiHET,C20 H34 O4,338.24348,10.618,337.23636,Invalid mass,No results,No results,,,,,12587302.93,22408338.24,19459866.45,22858988.06,20615033.55,27251527.58,14463148.61,18793029.81,34802471.71,30793330.14
Com_67_neg,(¡À)13-HODE,C18 H32 O3,296.23495,7.93,295.22784,Full match,No results,Full match,,,,,16085914.19,22064510.91,26798458.1,27710194.2,19611038.38,16415073.22,37988759.28,18964059.08,45807713.47,29597315.92
Com_68_neg,Prostaglandin A1,C20 H32 O4,318.2194,7.078,317.2121,Invalid mass,Invalid mass,No results,Lipids and lipid-like molecules,Fatty Acyls,Eicosanoids,Prostaglandins and related compounds,29187997.26,20101156.37,13313015.32,12659593.18,17769390.16,20002113.73,11403109.24,17763431.85,12849069.51,8076424.963
Com_69_neg,Salicylic acid,C7 H6 O3,138.03072,5.484,137.02344,No results,Invalid mass,No results,Benzenoids,Benzene and substituted derivatives,Benzoic acids and derivatives,Salicylic acids,15357133.77,22283993.25,5488108.879,6504911.329,5605934.415,11339182.96,6288980.656,24396775.37,6469061.148,7160521.333
Com_70_neg,Citric acid,C6 H8 O7,192.02631,1.339,191.01915,No results,Full match,Full match,Organic acids and derivatives,Carboxylic acids and derivatives,Tricarboxylic acids and derivatives,Tricarboxylic acids and derivatives,20487459.55,18091982.28,23267029.72,17736314.31,20583637.23,11980909,31394453.4,10665680.62,24692550.63,29822899.87
Com_71_neg,(¡À)11-HETE,C20 H32 O3,320.23524,7.278,319.228,Full match,No results,Full match,,,,,18952929.28,25603081.13,13325954.39,14326812.06,12276438.44,13692085.16,16441285.38,24185285.18,18228654.38,11171772.71
Com_72_neg,11-Ketoetiocholanolone,C19 H28 O3,304.20375,6.965,303.19653,No results,No results,Full match,Lipids and lipid-like molecules,Steroids and steroid derivatives,Androstane steroids,Androgens and derivatives,25365316.76,20762295.43,11994729.08,10970072.3,12327126.34,11812768.3,15051190.55,22927790,15783160.47,7520106.607
Com_73_neg,SM (d14:2/21:0),C40 H79 N2 O6 P,760.5745,8.747,759.56757,No results,Invalid mass,No results,Lipids and lipid-like molecules,Sphingolipids,Phosphosphingolipids,Phosphosphingolipids,16062460.46,31623864.7,19211391.32,32539692.9,28370553.98,24547536.72,23387460.95,18519900.55,37384901.36,21547837.49
Com_74_neg,Biopterin,C9 H11 N5 O3,237.08535,7.496,236.07802,No results,No results,Full match,Organoheterocyclic compounds,Pteridines and derivatives,Pterins and derivatives,Biopterins and derivatives,8928187.706,26682361.65,35965978.18,8429714.703,5454121.174,7442851.838,5086396.414,6497503.927,8400640.486,8951843.128
Com_75_neg,Pseudouridine,C9 H12 N2 O6,244.06901,1.339,243.06209,No results,Full match,Full match,"Nucleosides, nucleotides, and analogues",Nucleoside and nucleotide analogues,Not available,Nucleoside and nucleotide analogues,22865878.24,24631929.36,21861977.1,17278658.42,32166943.62,27072119.33,25739898.99,17855533.73,28661187.77,24688313.4
Com_76_neg,11(E)-Eicosenoic Acid,C20 H38 O2,310.28737,11.225,309.28015,Full match,No results,Full match,Lipids and lipid-like molecules,Fatty Acyls,Fatty acids and conjugates,Long-chain fatty acids,10457629.33,14620597.2,15652685.69,21680771.17,14760752.5,22863347.94,10633529.16,15733205.14,28750872.11,24540928.19
Com_77_neg,Glycodeoxycholic Acid (hydrate),C26 H43 N O5,449.31406,6.684,448.30688,Full match,Partial match,Full match,,,,,5873148.931,10356341.88,3681666.105,11313195.86,5964653.422,5490229.228,8832990.751,19053556.87,7647697.808,6176142.555
Com_78_neg,Arginine,C6 H14 N4 O2,174.1108,1.289,173.10362,No results,Invalid mass,No results,Organic acids and derivatives,Carboxylic acids and derivatives,"Amino acids, peptides, and analogues",L-alpha-amino acids,12182295.49,7363382.935,10794929.25,12734424.07,14510660.3,25519388.91,7131542.48,10862816.46,11839772.89,8431952.235
Com_79_neg,N1-[4-(cyanomethyl)phenyl]-4-chlorobenzamide,C15 H11 Cl N2 O,270.05605,7.923,269.04892,Full match,No results,No results,,,,,12879035.92,11534750.44,6544444.002,10803421.71,12994147.89,12489132.33,11547017.14,18237685.46,11789657.88,9340460.097
Com_80_neg,"3,8,9-trihydroxy-10-propyl-3,4,5,8,9,10-hexahydro-2H-oxecin-2-one",C12 H20 O5,198.12535,5.81,243.12361,Invalid mass,No results,No results,,,,,13380194.43,7777069.543,6463977.69,7211799.653,12328496.66,8446288.054,11122019.71,11903212.55,7825517.052,21085718.78
Com_81_neg,(¡À)9(10)-DiHOME,C18 H34 O4,296.2349,7.802,295.2276,Invalid mass,Invalid mass,No match,,,,,12750032.9,13928776.87,21278634.31,15808932.03,12843641.43,14329167.78,13603013.25,11212068.4,18007414.81,13731015.68
Com_82_neg,LPC 19:2,C27 H52 N O7 P,579.3538,9.308,578.34668,No results,Invalid mass,No results,Lipids and lipid-like molecules,Glycerophospholipids,Glycerophosphocholines,Phosphocholines,13713236.54,18321921.65,8468828.752,9934149.681,16117453.68,18114090.47,15857464.95,12078995.32,9152379.864,11849437.15
Com_83_neg,"2,3-dinor Prostaglandin E1",C18 H30 O5,308.19655,7.617,307.18921,Invalid mass,No results,No results,Lipids and lipid-like molecules,Fatty Acyls,Eicosanoids,Prostaglandins and related compounds,5008145.142,4596747.553,5686453.108,4294760.964,3628843.996,3789603.264,4722146.587,5757821.185,9802315.393,16233771.87
Com_84_neg,LPC 19:0,C27 H56 N O7 P,583.38518,10.478,582.3783,No results,Invalid mass,No results,Lipids and lipid-like molecules,Glycerophospholipids,Glycerophosphocholines,Phosphocholines,15409579.97,11941766.16,6237690.191,6082240.495,19474965.27,17046734.2,7194663.55,9691705.433,6213509.966,7948750.998
Com_85_neg,FAHFA (18:2/20:4),C38 H62 O4,582.4624,9.846,581.45508,No results,Full match,No results,Lipids and lipid-like molecules,Fatty Acyls,Fatty acids and conjugates,Fatty acids,14923707.55,5173117.273,7782211.63,6085876.966,7283024.399,9691510.723,2105241.471,8298855.321,6405866.11,6357908.603
Com_86_neg,SM (d14:1/18:0),C37 H75 N2 O6 P,720.54298,10.966,719.53564,No results,Invalid mass,No results,Lipids and lipid-like molecules,Sphingolipids,Phosphosphingolipids,Phosphosphingolipids,13853558.36,16231161.79,21007718.93,15493153.1,16127681.48,13881347.6,19272434.63,12721404.24,16415609.13,10324562.6
Com_87_neg,LPC 22:4,C30 H54 N O7 P,617.36966,9.313,616.36218,No results,Invalid mass,No results,Lipids and lipid-like molecules,Glycerophospholipids,Glycerophosphocholines,Phosphocholines,3792471.285,17441521.8,8682791.157,6749099.351,10028276.58,6871201.375,6558117.817,6200319.355,7550811.932,9036159.715
Com_88_neg,Cystine,C6 H12 N2 O4 S2,240.02356,1.354,239.01628,No results,No results,Full match,Organic acids and derivatives,Carboxylic acids and derivatives,"Amino acids, peptides, and analogues",L-cysteine-S-conjugates,11860366.4,10173736.06,12897032.62,11496214.36,14191079.18,9351928.095,11027315.48,6309878.947,13100258.64,14324627.18
Com_89_neg,LPC 20:1,C28 H56 N O7 P,595.3853,10.267,594.37817,No results,Invalid mass,No results,Lipids and lipid-like molecules,Glycerophospholipids,Glycerophosphocholines,Phosphocholines,7670339.045,16677958.71,7637338.754,7207035.047,12828832.94,13275300.68,8110096.112,5659157.434,5007761.12,10352550.6
Com_90_neg,2-methyl-N-[4-(4-methylpiperazino)benzyl]benzenesulfonamide,C19 H25 N3 O2 S,359.16876,10.207,358.16132,Invalid mass,No results,No results,,,,,9644264.044,11583114.62,15045433.46,14938598.97,13998503.71,11315817.56,14044361.12,7305636.755,14847492.16,9338477.852
Com_91_neg,"5-(2-chloro-6-methylphenoxy)-1,3-dimethyl-4-nitro-1H-pyrazole",C12 H12 Cl N3 O3,281.05659,5.227,280.04916,Full match,No results,No results,,,,,12566637.54,9544128.403,5163435.042,6838833.894,11211499.63,11306555.71,5659499.209,9259379.493,15422998.87,2915531.526
Com_92_neg,Delta-Tridecalactone,C13 H24 O2,212.17699,8.356,211.16988,No results,No results,Full match,Organoheterocyclic compounds,Lactones,Delta valerolactones,Delta valerolactones,6037541.288,8925121.913,7659458.281,5538321.111,13384027.86,4498267.49,7384718.9,8214799.277,9352129.506,12565979.9
Com_93_neg,LPC 22:3,C30 H56 N O7 P,619.38522,10.033,618.3783,No results,Invalid mass,No results,Lipids and lipid-like molecules,Glycerophospholipids,Glycerophosphocholines,Phosphocholines,1979130.708,13119349.7,4155819.604,2045284.443,3198279.227,916148.1981,6729018.365,2928577.057,3154246.715,6051374.745
Com_94_neg,trans-10-Heptadecenoic Acid,C17 H32 O2,268.24014,7.879,267.23285,Full match,No results,No results,Lipids and lipid-like molecules,Fatty Acyls,Fatty acids and conjugates,Long-chain fatty acids,5845975.983,8041591.179,6602239.696,11685754.45,7222449.778,6213535.218,6887125.34,8779714.914,6441405.234,8118620.084
Com_95_neg,2'-Deoxyuridine,C9 H12 N2 O5,228.07825,6.582,227.07091,No results,Invalid mass,No results,"Nucleosides, nucleotides, and analogues",Pyrimidine nucleosides,Pyrimidine 2'-deoxyribonucleosides,Pyrimidine 2'-deoxyribonucleosides,7117867.784,9712155.228,4363969.451,5954855.896,5734794.101,4521035.291,7393360.631,8679941.77,5210686.762,6142143.57
Com_96_neg,D-Glucuronic acid,C6 H10 O7,194.04188,5.433,193.03456,No results,No results,Full match,"Nucleosides, nucleotides, and analogues",Pyrimidine nucleotides,Pyrimidine nucleotide sugars,Pyrimidine nucleotide sugars,4978912.321,11972899.71,8771468.098,8313599.141,7048911.479,8943957.642,12650423.82,7150999.938,10442913.72,9496825.702
Com_97_neg,trans-Petroselinic Acid,C18 H34 O2,328.26122,7.341,327.25381,Invalid mass,No results,No results,Lipids and lipid-like molecules,Fatty Acyls,Fatty acids and conjugates,Long-chain fatty acids,8531927.285,5280850.182,4091134.094,4130767.645,4124060.244,6604074.591,3218567.078,7739965.064,3902996.123,2694156.855
Com_98_neg,Royal jelly acid,C10 H18 O3,186.12477,6.597,185.11749,No results,No results,Full match,Organic acids and derivatives,Hydroxy acids and derivatives,Medium-chain hydroxy acids and derivatives,Medium-chain hydroxy acids and derivatives,7825469.094,6281486.893,8587793.723,1770168.164,8196494.071,4874078.421,10905844.11,6432626.951,7832097.22,8209274.674
Com_99_neg,2-Hydroxymyristic acid,C14 H28 O3,244.20347,8.503,243.19632,No results,Full match,No results,Lipids and lipid-like molecules,Fatty Acyls,Fatty acids and conjugates,Long-chain fatty acids,6150564.48,6758757.545,7486685.94,8064081.887,6550205.64,4872465.279,7220276.191,4917292.852,8262695.079,7945885.073
Com_100_neg,Tetrahydroaldosterone,C21 H32 O5,364.22482,6.416,363.21768,No results,No results,Full match,Organoheterocyclic compounds,Oxepanes,Not available,Oxepanes,3309250.969,9167716.885,4720915.957,3082146.539,4203034.494,4524659.329,5309945.078,3916151.477,3800465.038,4557722.755
Com_101_neg,Neopterin,C9 H11 N5 O4,253.08029,7.714,252.07301,No results,No results,Full match,Organoheterocyclic compounds,Pteridines and derivatives,Pterins and derivatives,Biopterins and derivatives,1226785.845,4070692.94,6671615.027,2508770.915,2282331.35,1810262.148,3151922.594,2011743.422,3089616.958,2855951.402
Com_102_neg,Lysopg 18:1,C24 H47 O9 P,510.29631,10.058,509.28928,No results,No results,Full match,Lipids and lipid-like molecules,Glycerophospholipids,Glycerophosphocholines,1-acyl-sn-glycero-3-phosphocholines,6231502.122,4740244.463,2597639.337,3302419.182,8912592.729,8370287.888,3214064.07,5629700.906,2939814.726,3389754.734
Com_103_neg,Lysops 22:6,C28 H44 N O9 P,569.27311,8.765,568.2663,No results,No results,Full match,Lipids and lipid-like molecules,Glycerophospholipids,Glycerophosphoethanolamines,2-acyl-sn-glycero-3-phosphoethanolamines,4258256.318,7490922.456,3477527.664,7461749.374,4847487.907,4164084.526,6377632.706,4155369.708,6093343.737,5046579.896
Com_104_neg,(¡À)9-HpODE,C18 H32 O4,312.23029,6.282,311.2233,Full match,No results,Full match,,,,,1962055.311,2235302.527,1975029.404,1914383.217,2553626.272,1681792.576,3111754.835,4842843.771,2870291.748,5595593.323
Com_105_neg,Lauric Acid,C12 H24 O2,200.17692,8.423,199.16963,No results,No results,Full match,Lipids and lipid-like molecules,Fatty Acyls,Fatty acids and conjugates,Medium-chain fatty acids,2562222.585,4616933.553,5812497.946,4160806.19,3379239.315,2847012.518,2457306.045,2777173.116,3755521.329,3129112.43
Com_106_neg,LPA 16:0,C19 H39 O7 P,410.24306,9.212,409.23563,No results,Full match,Full match,Lipids and lipid-like molecules,Glycerophospholipids,Glycerophosphates,"1,2-diacylglycerol-3-phosphates",5443967.753,3649172.955,2268557.292,2796438.689,5401584.209,5387485.916,2528926.119,4708530.635,2108567.23,2511552.629
Com_107_neg,Thymidine,C10 H14 N2 O5,242.08997,4.889,241.0827,No results,Full match,Full match,"Nucleosides, nucleotides, and analogues",Pyrimidine nucleotides,Pyrimidine deoxyribonucleotides,Pyrimidine 2'-deoxyribonucleoside monophosphates,5271848.345,6706073.919,3892443.452,3340045.274,3993048.709,3365433.134,5183473.074,2670732.876,3913906.222,3064621.96
Com_108_neg,Aflatoxin G2,C17 H14 O7,330.07651,6.442,329.06927,No results,Invalid mass,No results,Phenylpropanoids and polyketides,Coumarins and derivatives,Furanocoumarins,Difurocoumarolactones,1662472.006,6492420.301,930757.6956,1316776.833,985645.3055,2382610.243,1316851.169,4284319.187,1367304.658,1661225.291
Com_109_neg,LPE 22:6,C27 H44 N O7 P,525.28553,8.716,524.27844,No results,Full match,No results,Lipids and lipid-like molecules,Glycerophospholipids,Glycerophosphoethanolamines,1-acyl-sn-glycero-3-phosphoethanolamines,2501203.98,6294801.731,1665612.581,4270279.895,5173433.823,5509838.442,3297646.383,2677312.855,3184180.387,2600431.832
Com_110_neg,5'-Adenylic acid,C10 H14 N5 O7 P,347.06193,5.177,346.0553,No results,No results,Full match,"Nucleosides, nucleotides, and analogues",Purine nucleotides,Purine ribonucleotides,Purine ribonucleoside monophosphates,3440018.668,5673518.536,4049078.818,2390949.892,2579591.042,4039433.875,5327080.657,2281535.242,4535217.232,3985201.289
Com_111_neg,FAHFA (18:1/19:2),C37 H66 O4,574.49397,10.482,573.48645,No results,Full match,No results,Lipids and lipid-like molecules,Fatty Acyls,Fatty acids and conjugates,Fatty acids,1133907.495,1977034.89,1565302.949,2441374.663,1626251.427,3163812.293,1233653.847,2361940.659,3417135.675,4817785.931
Com_112_neg,LPC 19:1,C27 H54 N O7 P,581.36926,9.629,580.36182,No results,Invalid mass,No results,Lipids and lipid-like molecules,Glycerophospholipids,Glycerophosphocholines,Phosphocholines,2816862.835,5403973.158,2349958.309,3153723.554,3128756.735,3604544.075,3222522.225,2435590.684,2837182.266,3803157.007
Com_113_neg,Xanthosine,C10 H12 N4 O6,284.07533,3.459,283.06805,No results,No results,Full match,"Nucleosides, nucleotides, and analogues",Purine nucleosides,Not available,Purine nucleosides,4381606.243,1166685.619,719881.8142,940421.8578,2624568.281,673605.5004,996598.3236,1586908.458,784660.7647,1661803.961
Com_114_neg,LPA 18:1,C21 H41 O7 P,436.25881,9.434,435.25174,No results,Full match,No results,Lipids and lipid-like molecules,Glycerophospholipids,Glycerophosphates,"1,2-diacylglycerol-3-phosphates",3484357.039,5191229.983,2508813.276,2947476.466,3887228.685,4571903.268,3660976.865,2995783.214,2744157.549,3529839.478
Com_115_neg,Resveratrol,C14 H12 O3,228.07806,5.747,227.0708,No results,Full match,No results,Phenylpropanoids and polyketides,Stilbenes,Not available,Stilbenes,1949770.945,5075888.96,485155.5976,672168.3502,440469.0697,1680335.325,713268.1515,3067348.38,782151.8723,834665.3199
Com_116_neg,Hexadecanedioic acid,C16 H30 O4,286.21454,6.111,285.20755,No results,Full match,No results,Lipids and lipid-like molecules,Fatty Acyls,Fatty acids and conjugates,Long-chain fatty acids,1520809.732,1794252.441,1729265.84,1209125.395,1871945.215,1146837.472,1847923.437,2702253.162,1975468.436,4262317.59
Com_117_neg,Asp-Phe methyl ester,C14 H18 N2 O5,294.12141,5.204,293.11414,No results,No results,Full match,,,,,3972605.525,1517104.237,846417.901,497854.6965,1467151.551,1831785.963,824552.9388,3406275.887,627018.2041,910174.2152
Com_118_neg,19(R)-hydroxy Prostaglandin A2,C20 H30 O5,332.19869,6.573,331.19125,Invalid mass,No results,No results,Lipids and lipid-like molecules,Fatty Acyls,Eicosanoids,Prostaglandins and related compounds,3796382.298,2524949.76,1834164.985,1703636.889,2036413.32,2128779.201,2784857.525,3285956.08,1868771.133,1291324.666
Com_119_neg,Phenylpyruvic acid,C9 H8 O3,164.04641,5.227,163.03911,No results,Invalid mass,No results,Benzenoids,Benzene and substituted derivatives,Phenylpyruvic acid derivatives,Phenylpyruvic acid derivatives,3744415.875,2874142.67,2240594.565,2427729.997,3296033.766,2703281.479,2572912.677,3168561.973,2760689.426,2961389.763
Com_120_neg,trans-Cinnamic acid,C9 H8 O2,148.05135,4.897,147.04402,No results,Invalid mass,No results,Phenylpropanoids and polyketides,Cinnamic acids and derivatives,Cinnamic acids,Cinnamic acids,3605933.828,3515487.023,2973503.062,2543986.545,2379147.708,3344329.33,3348630.725,1757008.277,2691743.06,2838452.146
Com_121_neg,17(S)-HpDHA,C22 H32 O4,360.22751,8.212,359.22037,Invalid mass,Invalid mass,No results,Lipids and lipid-like molecules,Fatty Acyls,Fatty acids and conjugates,Very long-chain fatty acids,3088581.304,2454492.623,1092016.99,1802945.405,1233786.378,4208393.171,1602456.363,1966612.438,1768804.101,1747454.888
Com_122_neg,Levodopa,C9 H11 N O4,197.06813,6.013,196.06085,No results,No results,Full match,,,,,2352611.823,1232091.803,1005993.15,1823012.137,893703.6117,1498933.74,2746386.314,2929277.874,2189383.665,1317052.588
Com_123_neg,11-keto Testosterone (CRM),C19 H26 O3,348.19328,6.405,347.18591,Invalid mass,No results,No results,,,,,3287031.344,3768780.492,2454990.953,1949094.657,2320053.563,2568114.469,2045471.312,2900400.401,1346133.008,2125554.131
Com_124_neg,Thymine,C5 H6 N2 O2,126.04285,4.881,297.08395,No results,No results,Full match,Organoheterocyclic compounds,Diazines,Pyrimidines and pyrimidine derivatives,Hydroxypyrimidines,3359764.279,2284108.3,2700220.458,1287889.615,2891028.623,2560509.759,2072220.32,1288159.299,2241130.88,2116542.751
Com_125_neg,MGDG (22:1/18:2),C49 H88 O10,896.6417,9.847,895.63422,No results,Invalid mass,No results,Lipids and lipid-like molecules,Glycerolipids,Glycosylglycerols,Glycosyldiacylglycerols,3252442.698,728562.563,1184900.713,498065.0639,1312034.301,2134068.589,179335.2527,1822009.231,679556.6639,679020.2028
Com_126_neg,Lysopc 16:2 (2N Isomer),C24 H46 N O7 P,491.30113,8.465,490.29431,No results,No results,Full match,,,,,2099386.678,2050122.123,1255056.573,2074331.46,2227420.571,3436526.781,2597466.576,1809415.962,1435457.988,1720312.959
Com_127_neg,"13,14-dihydro-15-keto-tetranor Prostaglandin E2",C16 H26 O5,280.16466,8.351,279.15762,Invalid mass,No results,No results,,,,,1247579.208,1883125.416,1288180.751,1025675.265,2884017.083,1098428.465,1772183.088,2201436.145,2181305.529,3075275.444
Com_128_neg,LPA 18:2,C21 H39 O7 P,434.24288,8.875,433.23529,No results,Full match,No results,Lipids and lipid-like molecules,Glycerophospholipids,Glycerophosphates,"1,2-diacylglycerol-3-phosphates",2155507.845,1938236.954,1877728.937,2869962.01,2220402.806,3401354.811,1659864.205,1864658.008,1673615.379,1685225.057
Com_129_neg,FAHFA (16:1/18:3),C34 H58 O4,530.431,9.557,529.42377,No results,Full match,No results,Lipids and lipid-like molecules,Fatty Acyls,Fatty acids and conjugates,Fatty acids,657074.0232,1002357.597,692722.6301,678973.5122,709524.0448,456737.6465,759489.1681,809173.3887,1607608.802,2932008.906
Com_130_neg,LysoPE 18:2,C23 H44 N O7 P,477.28573,8.137,476.27893,No results,No results,Full match,,,,,2067336.451,1847496.21,1447359.467,1288612.965,2080208.917,2191449.443,1747170.581,2205150.507,865426.2666,1557825.41
Com_131_neg,11-trans Leukotriene C4,C30 H47 N3 O9 S,625.30766,5.076,624.30084,Invalid mass,No results,No results,,,,,1633626.189,2206286.245,2022887.34,1882265.763,1222848.938,1568104.761,1186265.834,2144962.106,1563413.001,1198703.291
Com_132_neg,2-Methylbutyl beta-D-glucopyranoside,C11 H22 O6,296.14673,5.09,295.13934,Invalid mass,No results,No results,,,,,2456651.787,1831687.295,1630402.91,1760929.29,1025134.455,2260477.23,2769580.98,1432148.869,2230361.698,1763892.759
Com_133_neg,8-Hydroxyguanosine,C10 H13 N5 O6,299.08653,3.78,298.07925,No results,No results,Full match,"Nucleosides, nucleotides, and analogues",Purine nucleosides,Not available,Purine nucleosides,2093383.007,1975207.264,1208130.104,970853.3151,1612861.884,889294.4472,1645963.222,1067891.293,1374233.272,2486261.068
Com_134_neg,SM (d14:1/17:0),C36 H73 N2 O6 P,706.52682,10.122,705.51935,No results,Invalid mass,No results,Lipids and lipid-like molecules,Sphingolipids,Phosphosphingolipids,Phosphosphingolipids,2362937.026,1757304.422,2568517.409,1337878.613,2361199.755,1036244.325,2369678.641,1080113.132,2054559.159,1279578.752
Com_135_neg,"3-(1-cyano-1,2-dihydroisoquinolin-2-yl)-3-oxopropyl propionate",C16 H16 N2 O3,284.11668,10.973,283.10941,Full match,No results,No results,,,,,1116041.174,2137129.081,1654193.333,2218785.502,1077270.811,1614113.289,1368890.104,1363241.192,1752811.721,2414074.66
Com_136_neg,(¡À)19(20)-DiHDPA,C22 H34 O4,362.24319,10.287,361.23599,Invalid mass,No results,No results,,,,,1290370.427,1010814.95,1709791.675,1600383.446,1886715.618,1363874.119,2236088.639,1579322.124,2506702.243,2397819.631
Com_137_neg,12-oxo Phytodienoic Acid,C18 H28 O3,292.20372,7.66,291.1965,Full match,Invalid mass,No results,Lipids and lipid-like molecules,Fatty Acyls,Eicosanoids,Prostaglandins and related compounds,1376527.3,2081474.525,962961.99,1139712.518,853112.4581,1639464.095,1183771.208,1731969.097,2087404.684,1776085.404
Com_138_neg,FAHFA (17:0/19:2),C36 H66 O4,562.49369,10.501,561.48633,No results,Full match,No results,Lipids and lipid-like molecules,Fatty Acyls,Fatty acids and conjugates,Fatty acids,292874.2056,649295.1429,492958.5536,735864.4796,467995.7585,1193818.472,387702.4389,543402.3445,866783.1079,1546690.408
Com_139_neg,4-(octyloxy)benzoic acid,C15 H22 O3,250.15675,7.628,249.14928,Full match,No results,No results,,,,,705355.477,1734436.516,185915.8327,308361.5138,132626.5989,916865.9179,145946.1841,917938.2884,339428.6191,134250.2589
Com_140_neg,PC (16:1/20:4),C44 H78 N O8 P,825.54981,11.868,824.54224,No results,Invalid mass,No results,Lipids and lipid-like molecules,Glycerophospholipids,Glycerophosphocholines,Phosphocholines,970335.8371,861528.8298,1878247.751,659720.5908,1223227.838,332298.669,1484620.433,518324.6151,1355783.533,856523.2985
Com_141_neg,LPE 14:0,C19 H40 N O7 P,425.25418,8.259,424.24695,No results,Full match,Full match,Lipids and lipid-like molecules,Glycerophospholipids,Glycerophosphoethanolamines,1-acyl-sn-glycero-3-phosphoethanolamines,834994.7234,1093660.411,275518.4067,819813.36,300979.6751,499128.4694,704431.257,1018803.156,421302.3071,334693.0849
Com_142_neg,LPC 24:0,C32 H66 N O7 P,653.46345,10.339,652.45551,No results,Invalid mass,No results,Lipids and lipid-like molecules,Glycerophospholipids,Glycerophosphocholines,Phosphocholines,473314.5497,584960.1591,1526145.097,622609.704,652589.9401,664996.8462,648993.8144,358794.7944,687278.6998,461700.7221
Com_143_neg,N-lactoyl-phenylalanine,C12 H15 N O4,237.09945,4.986,236.09218,No results,No results,Full match,Organic acids and derivatives,Carboxylic acids and derivatives,"Amino acids, peptides, and analogues",Phenylalanine and derivatives,301393.9441,87627.6551,419953.2741,865057.4741,314670.1564,106954.7407,885353.6179,102461.6397,387345.2898,106761.5635
Com_144_neg,Xanthurenic Acid,C10 H7 N O4,205.03667,5.349,204.02939,No results,No results,Full match,Organoheterocyclic compounds,Quinolines and derivatives,Quinoline carboxylic acids,Quinoline carboxylic acids,272390.299,147955.1746,100652.1863,240071.6976,234692.7743,121560.1039,779826.1767,192437.2731,282307.4817,197966.9341
Com_145_neg,Palmitic acid,C16 H32 O2,256.24029,10.202,255.23302,Full match,Partial match,No results,Lipids and lipid-like molecules,Fatty Acyls,Fatty acids and conjugates,Long-chain fatty acids,795010084.1,1203574597,1369901420,1246992334,1196015507,1121785489,932010275.5,1059308314,1749923023,1609543955
Com_146_neg,"3-Oxo-7alpha,12alpha-hydroxy-5beta-cholanoic acid",C24 H38 O5,406.27243,6.542,405.26489,No results,No results,Full match,Lipids and lipid-like molecules,Steroids and steroid derivatives,"Bile acids, alcohols and derivatives","Dihydroxy bile acids, alcohols and derivatives",597786251.2,221125190.6,188857735.1,125797373.5,412405987.3,238035722.1,303074380,2522126755,390473910.9,267691965.8
Com_147_neg,Tetradecanedioic acid,C14 H26 O4,258.18325,6.865,257.1759,Full match,Partial match,Full match,Lipids and lipid-like molecules,Fatty Acyls,Fatty acids and conjugates,Long-chain fatty acids,232088460.4,97447325.26,79125569.17,97415314.38,72160924.98,114188276.1,95252112.83,510912063.2,74016697.97,273403768.6
Com_148_neg,N-Isovalerylglycine,C7 H13 N O3,159.08871,5.194,158.08139,Invalid mass,Invalid mass,No results,Organic acids and derivatives,Carboxylic acids and derivatives,"Amino acids, peptides, and analogues",N-acyl-alpha amino acids,179569418.1,159466030.9,93211563.86,139442292,169330388,180139770.1,147262060,145407858.6,183278847.1,168567281.1
Com_149_neg,LPC 18:3,C26 H48 N O7 P,563.32344,8.381,562.3172,No results,Invalid mass,No results,Lipids and lipid-like molecules,Glycerophospholipids,Glycerophosphocholines,Phosphocholines,218463412.4,190087354,177511968.6,187330382.9,209844084.8,276511088.5,213333627.4,149253658,128453298.4,158280084.9
Com_150_neg,L-Adrenaline,C9 H13 N O3,183.08885,5.624,182.08144,No results,No results,Full match,Benzenoids,Phenols,Benzenediols,Catechols,68625198.17,7872074.862,49689819.86,7566282.077,70908915.08,12293077.85,13248820.44,87271997.78,10394636.8,62304343.14
Com_151_neg,LPC 14:0,C22 H46 N O7 P,513.30675,8.335,512.29968,No results,Invalid mass,No results,Lipids and lipid-like molecules,Glycerophospholipids,Glycerophosphocholines,Phosphocholines,70611343.08,65066792.05,40215849.19,47870941.05,71419162.7,50015505.07,53208524.04,58232957.98,29207708.99,36808151.57
Com_152_neg,LysoPE 18:0,C23 H48 N O7 P,481.3177,9.214,480.31012,No results,No results,Full match,Lipids and lipid-like molecules,Glycerophospholipids,Glycerophosphoethanolamines,1-acyl-sn-glycero-3-phosphoethanolamines,1322539820,477109739.5,674620005.9,786060518.3,1498206749,1537001817,806054148.7,1225789543,676601403,714600843.5
Com_153_neg,LPE 18:2,C23 H44 N O7 P,477.28616,8.824,476.27924,No results,Full match,Full match,Lipids and lipid-like molecules,Glycerophospholipids,Glycerophosphoethanolamines,1-acyl-sn-glycero-3-phosphoethanolamines,123248165.7,151473657.7,131828580.7,162150477.1,142291095.9,146608713.4,138661965.2,83260279.13,107152329.7,119922943.3
Com_154_neg,LPC 22:6,C30 H50 N O7 P,613.33853,8.75,612.33154,No results,Invalid mass,No results,Lipids and lipid-like molecules,Glycerophospholipids,Glycerophosphocholines,Phosphocholines,20230090.23,38193733.01,10141563.74,16043544.94,37805398.06,47043435.98,13087806.56,17290920.34,13612021.82,11930882.38
Com_155_neg,LPC 15:0,C23 H48 N O7 P,527.32296,8.65,526.31567,No results,Invalid mass,No results,Lipids and lipid-like molecules,Glycerophospholipids,Glycerophosphocholines,Phosphocholines,77524644.95,73749547.07,44781891.69,56528017.33,67274253.67,75016067.79,81813661.37,62273319.82,47691538.99,42755652.76
Com_156_neg,1-Palmitoyl-Sn-Glycero-3-Phosphocholine,C24 H50 N O7 P,495.33297,9.643,494.32605,No results,No results,Full match,Lipids and lipid-like molecules,Glycerophospholipids,Glycerophosphocholines,1-acyl-sn-glycero-3-phosphocholines,75203870.16,47854427.9,27796031.69,39669269.66,92956903.12,96718114.34,35412476.64,70267655.84,30485164.13,31704336.08
Com_157_neg,15-OxoEDE,C20 H34 O3,322.25123,8.426,321.24408,Full match,Partial match,No results,Lipids and lipid-like molecules,Fatty Acyls,Fatty acids and conjugates,Long-chain fatty acids,4311478.425,6094685.53,3412832.036,5071739.442,10269959.53,21948515.7,4111131.335,8546233.817,4389027.181,1209680.512
Com_158_neg,LPE 16:0,C21 H44 N O7 P,453.28575,9.147,452.27878,No results,Full match,Full match,Lipids and lipid-like molecules,Glycerophospholipids,Glycerophosphoethanolamines,1-acyl-sn-glycero-3-phosphoethanolamines,38585385.85,42792927.44,18490489.54,24476002.96,54280074.62,44266844.14,26545710.16,41283852.84,21635791.12,28035346.56
Com_159_neg,Lithocholic Acid,C24 H40 O3,376.29738,8.719,375.28986,Full match,No results,Full match,Lipids and lipid-like molecules,Steroids and steroid derivatives,"Bile acids, alcohols and derivatives","Monohydroxy bile acids, alcohols and derivatives",904198.2379,758523.5429,527717.7159,657397.5336,760475.222,620947.2021,570870.9689,2205234.3,869412.2267,535748.683
Com_160_neg,13-Hpotre(R),C18 H30 O4,310.21427,7.64,309.20712,No results,No results,Full match,,,,,8326728.828,8117114.308,8837227.45,13843260.18,7658334.928,9588908.949,9076772.067,12577732.74,16392039.71,25457502.58
Com_161_neg,"All-cis-4,7,10,13,16-docosapentaenoic acid",C22 H34 O2,330.25642,10.143,329.24887,No results,No results,Full match,Lipids and lipid-like molecules,Fatty Acyls,Fatty acids and conjugates,Very long-chain fatty acids,10833783.87,5841581.751,6073373.814,8926062.296,11582014.98,8077820.367,3805319.13,9706675.631,8004440.333,6268920.571
Com_162_neg,23-Norcholic acid,C23 H38 O5,394.27178,6.771,393.26447,No results,No results,Full match,,,,,45276046.96,27600720.37,25868380.34,23648847.7,32887057.28,72356618.47,55684224.8,75448576.08,48455664.17,55505210.91
Com_163_neg,Erucic acid,C22 H42 O2,338.31832,8.529,337.31104,No results,No results,Full match,Lipids and lipid-like molecules,Fatty Acyls,Fatty acids and conjugates,Very long-chain fatty acids,10870114.08,13187437.95,8802017.671,11542363.7,21988040.71,8663547.091,19174828.14,4940674.18,31775166.81,16802947.96
Com_164_neg,PAF C-16,C26 H54 N O7 P,523.36357,10.48,522.35632,No results,No results,Full match,,,,,5279816.321,3985246.21,2079177.983,2087383.37,6201901.066,6110206.051,2545556.622,2991142.767,1718415.3,2387452.907
Com_165_neg,Mag (18:1),C21 H40 O4,356.29248,9.635,355.28525,No results,No results,Full match,Lipids and lipid-like molecules,Fatty Acyls,Lineolic acids and derivatives,Lineolic acids and derivatives,5786588.061,8298713.134,4522007.838,7219710.239,4062325.818,6315658.517,7719457.508,4728572.406,7404798.619,7955223.808
Com_166_neg,23-Nordeoxycholic acid,C23 H38 O4,378.27712,7.507,377.27005,No results,No results,Full match,,,,,24877338.64,24109389.68,9384129.335,7945886.261,9126132.33,8087804.163,19296262.19,27957771.26,11317962.76,6410194.895
Com_167_neg,LPE 20:5,C25 H42 N O7 P,499.26987,8.305,498.26251,No results,Full match,No results,Lipids and lipid-like molecules,Glycerophospholipids,Glycerophosphoethanolamines,1-acyl-sn-glycero-3-phosphoethanolamines,13217845.25,20080441.95,9892867.072,16283106.92,15679162.37,16724280.72,20007917.79,14533102.77,19287434.24,17424075.32
Com_168_neg,Uridine,C9 H12 N2 O6,244.06897,1.722,243.06169,No results,No results,Full match,"Nucleosides, nucleotides, and analogues",Pyrimidine nucleosides,Not available,Pyrimidine nucleosides,7085662.339,5847522.862,6308746.566,5044041.536,5724532.187,5167837.907,6527723.775,4682861.042,6447700.632,5896179.114
Com_169_neg,"(+/-)-CP 47,497-C7-Hydroxy metabolite",C21 H34 O3,334.25058,8.818,333.2435,No results,Full match,No results,Benzenoids,Benzene and substituted derivatives,Cyclohexylphenols,Cyclohexylphenols,3856702.995,11706981.25,3046694.905,2742871.301,1476952.814,5350274.322,5269990.69,4987771.724,3866463.051,2402155.991
Com_170_neg,Lysopc 18:1,C26 H52 N O7 P,521.3479,9.603,520.34027,No results,No results,Full match,Lipids and lipid-like molecules,Glycerophospholipids,Glycerophosphocholines,Phosphocholines,27373586.83,17576252.3,11367992.29,726277.8823,22840443.13,19773826.64,11621708.93,20770884.22,7668729.316,7885396.341
Com_171_neg,Lysope 16:0,C21 H44 N O7 P,453.28548,8.336,452.27811,No results,No results,Full match,Lipids and lipid-like molecules,Glycerophospholipids,Glycerophosphoethanolamines,1-(1Z-alkenyl)-glycero-3-phosphoethanolamines,30972445.69,29446030.11,17836802.93,22120724.6,32019672.93,23214432.33,23094675.05,26498567.36,14374672.49,16279111.77
Com_172_neg,Lysopc 16:1,C24 H48 N O7 P,493.31675,8.998,492.30981,No results,No results,Full match,Lipids and lipid-like molecules,Glycerophospholipids,Glycerophosphocholines,Phosphocholines,44503701.71,63044620.34,38428648.58,42657461.63,54130843.79,69221588.2,66577352.25,45964093.94,32219330.89,52379165.91
