Compound_ID,Name,Formula,Molecular Weight,RT [min],m/z,mzCloud_Results,mzVault_Results,MassList_Results,Class_I,Class_II,Class_III,Class_IV,neg_HZ_1,neg_HZ_2,neg_HZ_3,neg_HZ_4,neg_HZ_5,neg_HZ_6,neg_HZ_7,neg_HZ_8,neg_HZ_9,neg_HZ_10,,,,,,,
Com_1_neg,Stearic acid,C18 H36 O2,284.27129,11.274,283.26395,Full match,Full match,Full match,Lipids and lipid-like molecules,Fatty Acyls,Fatty acids and conjugates,Long-chain fatty acids,586611315.1,1535781444,2081352779,658371205.7,652512719.7,752736913.4,809789748.5,1124963186,494982647,141368063.6,,,,,,,
Com_2_neg,3-Coumaric acid,C9 H8 O3,164.04735,5.543,163.04021,Full match,Full match,Full match,Phenylpropanoids and polyketides,Cinnamic acids and derivatives,Hydroxycinnamic acids and derivatives,Hydroxycinnamic acids,955817120,1091277977,1369235307,1170401231,895690172.8,779043521.6,651492983.3,876658410.1,1092374609,1113111073,,,,,,,
Com_3_neg,Dodecanedioic acid,C12 H22 O4,230.15157,6.456,229.14421,Full match,Full match,No results,Lipids and lipid-like molecules,Fatty Acyls,Fatty acids and conjugates,Medium-chain fatty acids,626751660.7,955192454.7,978660062.1,955191448.3,791861879.5,809854559.9,404278946.6,516032829.1,907627747.6,758644445,,,,,,,
Com_4_neg,Mevalonic acid,C6 H12 O4,148.07366,2.897,147.06633,Full match,Full match,Full match,Lipids and lipid-like molecules,Fatty Acyls,Fatty acids and conjugates,Hydroxy fatty acids,666012418.7,9025039.891,274067099.7,8930629.616,53081603.54,95550877.06,352231917.6,802965848.8,7044145.024,683541783.8,,,,,,,
Com_5_neg,Azelaic acid,C9 H16 O4,188.10498,5.829,187.09769,Full match,Full match,Full match,Lipids and lipid-like molecules,Fatty Acyls,Fatty acids and conjugates,Medium-chain fatty acids,397758698.2,595743874.7,585815930.3,560528923.2,442458621.6,478705812,242191913.4,314274397.2,585840770.3,514479522.9,,,,,,,
Com_6_neg,"(+/-)-CP 47,497-C7-Hydroxy metabolite",C21 H34 O3,334.25093,9.017,333.24359,Full match,Full match,No results,Benzenoids,Benzene and substituted derivatives,Cyclohexylphenols,Cyclohexylphenols,4994589.745,20014711.67,43169078.35,9785552.324,8072793.27,10899331.89,11588009.12,8339143.583,14018449.64,4864826.708,,,,,,,
Com_7_neg,N-Acetyl-L-tyrosine,C11 H13 N O4,223.08446,5.305,222.07727,Full match,Full match,Full match,Organic acids and derivatives,Carboxylic acids and derivatives,"Amino acids, peptides, and analogues",Tyrosine and derivatives,20245719.07,5886737.475,12544551.88,4950272.528,3729190.036,7975633.767,9845975.463,34243759.37,4213058.868,3112360.933,,,,,,,
Com_8_neg,16-Hydroxyhexadecanoic acid,C16 H32 O3,272.2351,9.532,271.22787,Full match,Full match,No results,Lipids and lipid-like molecules,Fatty Acyls,Fatty acids and conjugates,Long-chain fatty acids,8744748.871,17669576.07,33748421.82,9512856.508,9076203.978,12043425.72,14569941.01,15003022.09,21881326.48,7371090.163,,,,,,,
Com_9_neg,Resveratrol,C14 H12 O3,228.07877,5.741,227.07144,Full match,Full match,No results,Phenylpropanoids and polyketides,Stilbenes,Not available,Stilbenes,22260937.11,32674818.17,32722646.59,36336186.84,32430463.11,30556857.16,16759181.12,16701692.96,32546578.01,29718569.95,,,,,,,
Com_10_neg,Ethylmalonic acid,C5 H8 O4,132.04249,5.059,131.0352,Full match,Full match,Full match,Lipids and lipid-like molecules,Fatty Acyls,Fatty acids and conjugates,Branched fatty acids,23088274.2,19775919.08,30805306.64,30521138.58,20854717.88,17952015.62,11199141.19,17887559.4,27162317.28,23862315.55,,,,,,,
Com_11_neg,Suberic acid,C8 H14 O4,174.08928,5.65,173.08209,Full match,Full match,Full match,Lipids and lipid-like molecules,Fatty Acyls,Fatty acids and conjugates,Medium-chain fatty acids,24229419.05,18918848.31,15195890.44,14766967.29,14808741.47,17277558.55,8583346.508,19767938.34,19356214.88,19904989.89,,,,,,,
Com_12_neg,Uridine monophosphate (UMP),C9 H13 N2 O9 P,324.03587,2.075,323.02859,Full match,Full match,Full match,"Nucleosides, nucleotides, and analogues",Pyrimidine nucleotides,Pyrimidine ribonucleotides,Pyrimidine ribonucleoside monophosphates,5913804.768,4764129.921,19316594.9,10897211.62,5861258.08,9538304.12,7404901.883,5100382.987,19981648.38,13555310.14,,,,,,,
Com_13_neg,D-Ribose-1-phosphate,C5 H11 O8 P,230.01906,1.639,229.01172,Full match,Full match,Full match,Organic oxygen compounds,Organooxygen compounds,Carbohydrates and carbohydrate conjugates,Pentoses,5428667.408,7454027.854,9687631.231,7187481.752,7098349.147,6306114.172,5884482.919,3765645.94,18931181.45,7156835.022,,,,,,,
Com_14_neg,"3,4,5-trihydroxycyclohex-1-ene-1-carboxylic acid",C7 H10 O5,174.05293,5.21,173.04565,Full match,Full match,No results,,,,,893082.4533,216307.522,385806.1767,226748.5575,201117.0211,318134.8531,11306763,1093099.445,298546.5799,1039663.829,,,,,,,
Com_15_neg,4-Oxoproline,C5 H7 N O3,129.04277,1.566,128.03552,Full match,Full match,Full match,Organic acids and derivatives,Carboxylic acids and derivatives,"Amino acids, peptides, and analogues",Proline and derivatives,2293810.877,3020741.726,5984612.146,4690754.918,3800764.112,3392171.792,2178333.093,1815990.52,14049571.71,4779632.846,,,,,,,
Com_16_neg,Glutaric acid,C5 H8 O4,132.04246,4.76,131.03517,Full match,Full match,Full match,Organic acids and derivatives,Carboxylic acids and derivatives,Dicarboxylic acids and derivatives,Dicarboxylic acids and derivatives,9429434.802,4228936.68,6333730.457,6384007.749,4197487.144,5253836.092,9282652.501,5810648.24,6296011.744,8270899.101,,,,,,,
Com_17_neg,Flavin mononucleotide (FMN),C17 H21 N4 O9 P,456.10551,5.311,455.09808,Full match,Full match,Full match,"Nucleosides, nucleotides, and analogues",Flavin nucleotides,Not available,Flavin nucleotides,1889540.91,2082874.971,3983654.974,3214414.198,3216125.336,3240703.255,3919055.476,2375457.615,3684181.256,2558593.008,,,,,,,
Com_18_neg,17¦Á-Hydroxypregnenolone,C21 H32 O3,332.23526,8.708,331.228,Full match,Full match,Full match,Lipids and lipid-like molecules,Steroids and steroid derivatives,Pregnane steroids,"Gluco/mineralocorticoids, progestogins and derivatives",212358.3193,753322.5801,1950065.927,350997.557,352782.5757,479302.8377,329355.8626,278755.6393,591105.5329,162906.7263,,,,,,,
Com_19_neg,Xanthosine,C10 H12 N4 O6,284.07588,4.771,283.0686,Full match,Full match,Full match,"Nucleosides, nucleotides, and analogues",Purine nucleosides,Not available,Purine nucleosides,232885.3658,300776.7902,1121571.511,321115.1571,199195.8444,166850.4996,157340.7219,162634.3687,668615.077,333897.4273,,,,,,,
Com_20_neg,Glycocholic acid,C26 H43 N O6,465.30906,6.775,464.30157,Full match,Full match,Full match,Lipids and lipid-like molecules,Steroids and steroid derivatives,"Bile acids, alcohols and derivatives",Glycinated bile acids and derivatives,13714874.78,759954502.7,3368378.721,13157349.66,2192538341,3203865.608,1920139.236,34337838.78,91337429.88,13313639.55,,,,,,,
Com_21_neg,Tetradecanedioic acid,C14 H26 O4,258.1831,6.896,257.17575,Full match,Full match,Full match,Lipids and lipid-like molecules,Fatty Acyls,Fatty acids and conjugates,Long-chain fatty acids,957733900.3,189732508.4,640665241.5,184882746.5,422134029.9,308817646.3,285737917.2,1109959232,157729595.1,1051500215,,,,,,,
Com_22_neg,3-Methyladipic acid,C7 H12 O4,160.0736,5.459,159.06635,Full match,Full match,Full match,Lipids and lipid-like molecules,Fatty Acyls,Fatty acids and conjugates,Medium-chain fatty acids,12820617.62,11521280.8,12050463.61,10439543.42,9946173.86,10134202.17,5546461.433,11529064.53,12831668.47,13191757.02,,,,,,,
Com_23_neg,D-(-)-Quinic acid,C7 H12 O6,192.0634,1.565,191.05605,Full match,Full match,Full match,Organic oxygen compounds,Organooxygen compounds,Alcohols and polyols,Quinic acids and derivatives,1352146862,7075467.525,72426450.38,2194414.19,8017510.385,31830209.92,2840297390,1627951170,4350462.941,1449817598,,,,,,,
Com_24_neg,Pimelic acid,C7 H12 O4,160.07365,2.463,159.06635,Full match,No results,Full match,Lipids and lipid-like molecules,Fatty Acyls,Fatty acids and conjugates,Medium-chain fatty acids,562796641.1,9028862.665,348647604.4,10306015.55,71086766.89,123275949.5,55331019.52,712705841,8509406.921,673982192.9,,,,,,,
Com_25_neg,Arachidic acid,C20 H40 O2,312.30277,11.478,311.29535,Full match,No results,Full match,Lipids and lipid-like molecules,Fatty Acyls,Fatty acids and conjugates,Long-chain fatty acids,183654360.7,409301920.6,675820019.6,242946065.8,220836912.3,276615402.9,203765505.8,275165846.5,143091589.7,49061139.41,,,,,,,
Com_26_neg,Palmitic acid,C16 H32 O2,256.24028,10.403,255.23296,Full match,No results,No results,Lipids and lipid-like molecules,Fatty Acyls,Fatty acids and conjugates,Long-chain fatty acids,95841335.18,278286656.2,512695808,125337284.9,105502868.8,155445067.5,151644114.6,195611318,319246672.2,70477474.01,,,,,,,
Com_27_neg,Elaidic acid,C18 H34 O2,282.25585,10.654,281.2485,Full match,No results,No results,Lipids and lipid-like molecules,Fatty Acyls,Fatty acids and conjugates,Long-chain fatty acids,65663004.08,188294489.2,399479098.1,74405380.52,65673538.49,90454152.33,116199439.2,172780975.5,258870520.4,36473057.8,,,,,,,
Com_28_neg,2-Isopropylmalic acid,C7 H12 O5,176.06842,1.807,175.06111,Full match,Partial match,Full match,Lipids and lipid-like molecules,Fatty Acyls,Fatty acids and conjugates,Hydroxy fatty acids,304432959.6,1242375.423,28925220.36,1108461.122,5348079.848,38072106.28,38580591.64,316613268.3,1042500.408,220558715,,,,,,,
Com_29_neg,Bisphenol A,C15 H16 O2,228.115,5.566,227.10776,Full match,No results,Full match,Benzenoids,Benzene and substituted derivatives,Diphenylmethanes,Bisphenols,167708899,244718195.3,273257433.9,277938217.3,223431781.6,212418694.7,149098250.5,154257030.1,276280794.6,69088392.55,,,,,,,
Com_30_neg,methadone-d9,C21 H18 [2]H9 N O,317.9549,1.194,316.94763,Invalid mass,No results,No results,,,,,195454415.9,266244163.1,166438279,240238129.6,272444673,476166744.5,190824297.2,190955916.8,277473255.3,266799793.9,,,,,,,
Com_31_neg,Quinic acid,C7 H12 O6,192.06332,1.493,191.05605,No results,No results,Full match,Organic oxygen compounds,Organooxygen compounds,Alcohols and polyols,Quinic acids and derivatives,136834270,1202504.489,5430613.438,156052.2119,1474828.632,6411019.41,198262132.2,147436322.6,297087.5524,93988032.53,,,,,,,
Com_32_neg,Hydrocinnamic acid,C9 H10 O2,150.06826,6.081,149.06107,Full match,No results,Full match,Phenylpropanoids and polyketides,Phenylpropanoic acids,Not available,Phenylpropanoic acids,118650825.6,64845362.49,136590053.4,85580863.93,85828580.44,77966863.33,67794005.5,118649394.8,67843949.21,127361117,,,,,,,
Com_33_neg,3-Hydroxybenzoic acid,C7 H6 O3,138.03191,5.481,137.02461,Full match,Not the top hit,Full match,Benzenoids,Benzene and substituted derivatives,Benzoic acids and derivatives,Hydroxybenzoic acid derivatives,83934018.95,69807495.01,85319225.23,42888424.33,71642150.31,76541212.5,37372338.21,63902067.71,41304278.17,85125770,,,,,,,
Com_34_neg,2-Hydroxy-2-methyl-3-buten-1-yl beta-D-glucopyranoside,C11 H20 O7,310.12658,4.703,309.11929,Invalid mass,No results,No results,,,,,497950.5987,42318.18593,460054.4148,49396.86965,126673.4697,217174.4687,84110522.43,283820.6054,3083564.755,615906.4054,,,,,,,
Com_35_neg,Salicylic acid,C7 H6 O3,138.03192,5.965,137.02469,Full match,Partial match,Full match,Benzenoids,Benzene and substituted derivatives,Benzoic acids and derivatives,Salicylic acids,62974976.97,5058481.834,30048626.82,3868231.831,14282472.4,19066808.62,27560301,70602075.05,5007812.713,41328392.68,,,,,,,
Com_36_neg,FAHFA (18:0/20:2),C38 H70 O4,590.52552,11.276,589.51831,No results,Full match,No results,Lipids and lipid-like molecules,Fatty Acyls,Fatty acids and conjugates,Fatty acids,23886703.48,45261858.36,67559040.86,23249951.05,24891774.71,27731753.69,36437724.89,48234288.9,13537586.03,4010232.6,,,,,,,
Com_37_neg,"1-(1,8-dihydroxy-3,6-dimethyl-2-naphthyl)ethan-1-one",C14 H14 O3,230.09434,5.479,229.08704,Full match,No results,No results,,,,,51011886.28,53151158.39,61392216.02,54424741.64,47755396.17,49711805.06,31978865.77,49127890.34,54738924.28,59345169.6,,,,,,,
Com_38_neg,"3,3-Dimethylglutaric acid",C7 H12 O4,160.07364,5.623,159.06642,Full match,Not the top hit,Full match,Lipids and lipid-like molecules,Fatty Acyls,Fatty acids and conjugates,Methyl-branched fatty acids,60234284.83,32270795.24,27625915.36,22621780.49,58365170.95,23933470.7,31078917.54,36538907.27,30527597.42,64644905.16,,,,,,,
Com_39_neg,Prostaglandin H2,C20 H32 O5,334.21468,7.381,333.20737,Invalid mass,No results,No match,Lipids and lipid-like molecules,Fatty Acyls,Eicosanoids,Prostaglandins and related compounds,19917903.04,45766099.86,46931166.03,43000936.74,33033375.2,30462962.75,24600124.8,25632575.24,37626381.22,30470934.16,,,,,,,
Com_40_neg,O-Desmethylnaproxen,C13 H12 O3,216.07874,5.271,215.07141,Full match,No results,Full match,Benzenoids,Naphthalenes,Naphthols and derivatives,Naphthols and derivatives,21617022.68,39952237.07,45555159.54,45882845.79,36605809.5,34427129.3,18306799.56,18786158.84,44051381.98,28601693.26,,,,,,,
Com_41_neg,(¡À)8(9)-DiHET,C20 H34 O4,338.24336,10.834,337.23602,Invalid mass,No results,No results,,,,,9492939.274,23686012.32,43244239.41,10379727.61,10490906.97,13149411.39,16474740.84,21095554.57,15414433.59,3080193.782,,,,,,,
Com_42_neg,Genipin,C11 H14 O5,208.07365,5.36,207.06651,Invalid mass,No match,No match,Lipids and lipid-like molecules,Prenol lipids,Monoterpenoids,Iridoids and derivatives,39117335.31,5104695.096,31246711.48,6032153.774,9137979.954,11665167.9,16384660.05,16267871.8,5422659.26,55755729.99,,,,,,,
Com_43_neg,Benzyl 6-O-beta-D-glucopyranosyl-beta-D-glucopyranoside,C19 H28 O11,478.1631,5.648,477.15616,Invalid mass,No results,No results,,,,,21998681.31,36699970.61,38716614.34,20558013.92,46055492.85,22493030.84,19306438.95,10107487.46,28096350.13,19228943.79,,,,,,,
Com_44_neg,Corchorifatty acid F,C18 H32 O5,328.22525,6.696,327.21796,Full match,No results,No results,Lipids and lipid-like molecules,Fatty Acyls,Lineolic acids and derivatives,Lineolic acids and derivatives,28859519.05,27643491.74,32245662.65,24550402.14,33118709.05,26216726.65,10820555.41,19239863.83,24965912.52,22426218.84,,,,,,,
Com_45_neg,FAHFA (16:0/18:2),C34 H62 O4,534.46274,10.403,533.45544,No results,Full match,No results,Lipids and lipid-like molecules,Fatty Acyls,Fatty acids and conjugates,Fatty acids,5567514.244,17248562.37,31135377.73,7042668.819,6540445.697,8532051.153,9128889.246,12256241.88,20622375.07,3849039.112,,,,,,,
Com_46_neg,Pentadecanoic acid,C15 H30 O2,242.22457,9.967,241.21732,Full match,No results,Full match,Lipids and lipid-like molecules,Fatty Acyls,Fatty acids and conjugates,Long-chain fatty acids,2483457.757,12298717.64,30456014.17,5024795.735,3884729.408,8433147.47,5559510.5,5551461.008,13355621.65,2124060.261,,,,,,,
Com_47_neg,"3-Oxo-7alpha,12alpha-hydroxy-5beta-cholanoic acid",C24 H38 O5,406.27238,6.564,405.26517,No results,No results,Full match,Lipids and lipid-like molecules,Steroids and steroid derivatives,"Bile acids, alcohols and derivatives","Dihydroxy bile acids, alcohols and derivatives",3692443.265,38275355.89,1126759.246,1159726.567,38999547.3,1122939.648,1363951.144,7893646.51,4261940.663,1288931.09,,,,,,,
Com_48_neg,Monobutyl phthalate,C12 H14 O4,222.08929,5.364,221.08203,Full match,No results,Full match,Benzenoids,Benzene and substituted derivatives,Benzoic acids and derivatives,Benzoic acid esters,23096729.99,2434637.307,19800197.82,2808124.07,2389861.025,10037791.12,5886615.363,23941050.7,1936463.149,15785948.6,,,,,,,
Com_49_neg,(¡À)9-HpODE,C18 H32 O4,312.23027,7.013,311.22296,Full match,Partial match,Full match,,,,,11424912.5,14365914.69,21428734.51,16176247.61,16825215.74,12645982.08,6054239.077,6015979.417,12091020.48,15067385.98,,,,,,,
Com_50_neg,Tyrosol,C8 H10 O2,138.06838,5.476,137.06108,Full match,No results,No results,Benzenoids,Phenols,Tyrosols and derivatives,Tyrosols,22162575.15,1070988.776,7523206.136,465646.1364,3613677.19,3712093.467,18745287.69,17004314.52,467861.9778,7330582.763,,,,,,,
Com_51_neg,N-(2-hydroxyethyl)-N'-propylthiourea,C6 H14 N2 O S,212.08378,5.237,211.07657,Invalid mass,No results,No results,,,,,10726949.96,175017.9952,926828.5708,183083.7442,305527.1376,420335.4921,4746257.791,13395174.64,215223.7684,4487182.148,,,,,,,
Com_52_neg,FAHFA (18:1/20:3),C38 H66 O4,586.49433,10.651,585.48706,No results,Full match,No results,Lipids and lipid-like molecules,Fatty Acyls,Fatty acids and conjugates,Fatty acids,1022217.639,3746311.169,12026009.66,974166.5677,589050.4222,785601.6741,2257866.37,4357350.127,7390179.635,344658.4034,,,,,,,
Com_53_neg,Aflatoxin G2,C17 H14 O7,330.07452,5.419,329.06705,No results,Full match,No results,Phenylpropanoids and polyketides,Coumarins and derivatives,Furanocoumarins,Difurocoumarolactones,9765928.248,6028394.967,7829993.484,9705917.855,6900903.103,6086125.555,7671519.806,11682130.99,7555855.869,7109832.928,,,,,,,
Com_54_neg,Dimetghyl 4-Hydroxyisophthalate,C10 H10 O5,210.0529,5.35,209.04561,No results,No results,Full match,,,,,7864100.162,9294415.334,11692577.41,9070811.647,10373897.26,5304012.685,11988488.77,9754230.891,6145451.546,8583824.782,,,,,,,
Com_55_neg,Orotidine,C10 H12 N2 O8,306.07397,5.549,305.06705,Invalid mass,No results,No results,"Nucleosides, nucleotides, and analogues",Pyrimidine nucleosides,Not available,Pyrimidine nucleosides,11207301.82,8311452.878,6260167.19,10162660.62,8331470.375,5229227.761,7900288.596,7831332.793,7231868.683,9917096.75,,,,,,,
Com_56_neg,Tauroursodeoxycholic acid,C26 H45 N O6 S,499.29765,7.989,498.29037,No results,No results,Full match,Lipids and lipid-like molecules,Steroids and steroid derivatives,"Bile acids, alcohols and derivatives",Taurinated bile acids and derivatives,318489.0796,4933217.321,285439.1784,374371.056,14610387.89,275195.9454,130902.2452,406482.1915,802796.9214,289314.5526,,,,,,,
Com_57_neg,cis-gondoic acid,C20 H38 O2,310.28722,11.492,309.28,No results,No results,Full match,Lipids and lipid-like molecules,Fatty Acyls,Fatty acids and conjugates,Long-chain fatty acids,2584283.42,5155830.87,9035129.962,2666911.157,2235148.644,3182551.303,3987623.551,4436479.551,2190826.117,495281.2112,,,,,,,
Com_58_neg,3-Hydroxydecanoic acid,C10 H20 O3,188.14137,6.067,187.13409,Full match,Partial match,Full match,Organic acids and derivatives,Hydroxy acids and derivatives,Medium-chain hydroxy acids and derivatives,Medium-chain hydroxy acids and derivatives,8968202.49,1009360.645,4412865.163,1198272.735,2950387.285,1579019.994,2632369.731,8210452.179,1138268.094,7478779.314,,,,,,,
Com_59_neg,Salvinorin A,C23 H28 O8,432.17162,9.524,431.16422,No results,Invalid mass,No results,Lipids and lipid-like molecules,Prenol lipids,Terpene lactones,Diterpene lactones,2007350.523,5006172.229,7349537.243,3223310.829,2783557.337,3962011.975,2232461.908,2592115.292,5568160.272,1884979.84,,,,,,,
Com_60_neg,3-(3-Methoxyphenyl)propionic acid,C10 H12 O3,180.07892,5.409,179.07164,No results,No results,Full match,,,,,4310568.808,6632847.75,7285210.265,7805768.138,5925789.539,5571441.16,3083226.774,3439437.816,7483393.811,5724775.159,,,,,,,
Com_61_neg,Hydroquinone,C6 H6 O2,110.03691,5.516,109.02963,No results,No results,Full match,Benzenoids,Phenols,Benzenediols,Hydroquinones,7292608.735,3663031.324,4262372.436,2760418.648,3225131.014,3731949.142,6005680.65,7009401.721,2810795.311,7684224.536,,,,,,,
Com_62_neg,Deoxycholic acid,C24 H40 O4,392.29046,10.25,391.28314,Invalid mass,No results,No results,Lipids and lipid-like molecules,Steroids and steroid derivatives,"Bile acids, alcohols and derivatives","Dihydroxy bile acids, alcohols and derivatives",787155.3784,5006824.557,6857207.81,3766095.231,1711460.611,1765920.877,1437518.018,2049469.449,5701580.701,882601.4775,,,,,,,
Com_63_neg,FAHFA (18:1/19:2),C37 H66 O4,574.49416,10.702,573.48694,No results,Full match,No results,Lipids and lipid-like molecules,Fatty Acyls,Fatty acids and conjugates,Fatty acids,269148.7625,1292951.532,6762113.097,177138.4186,310696.5135,661180.3874,682625.6996,1655382.689,2446386.968,157410.0691,,,,,,,
Com_64_neg,N-acetyl-D-glucosamine,C8 H15 N O6,221.08995,1.393,220.08298,No results,No results,Full match,Organic oxygen compounds,Organooxygen compounds,Carbohydrates and carbohydrate conjugates,Acylaminosugars,2076073.506,3142319.118,6241937.475,2346901.773,2205654.415,3752787.002,1518728.379,705808.0071,6232580.442,2290807.875,,,,,,,
Com_65_neg,Undecanedioic acid,C11 H20 O4,216.13622,6.026,215.12892,No results,No results,Full match,Lipids and lipid-like molecules,Fatty Acyls,Fatty acids and conjugates,Medium-chain fatty acids,3877294.177,4245011.513,5404764.053,4075191.65,3453582.784,3703193.509,1949950.823,2850468.888,4696024.71,4217126.951,,,,,,,
Com_66_neg,Traumatic acid,C12 H20 O4,228.13635,5.955,227.12906,No results,No results,Full match,Lipids and lipid-like molecules,Fatty Acyls,Fatty acids and conjugates,Medium-chain fatty acids,5045104.794,5742281.728,5076800.477,5105303.424,4273766.673,4779515.128,3117173.476,3707124.48,6011539.747,5504158.675,,,,,,,
Com_67_neg,Oxazepam,C15 H11 Cl N2 O2,286.04833,5.482,285.04166,No results,Invalid mass,No results,Organoheterocyclic compounds,Benzodiazepines,"1,4-benzodiazepines","1,4-benzodiazepines",3082054.828,1907480.138,4853705.643,2677955.036,2505170.281,2657346.303,3422302.289,3198040.914,1948942.259,3673318.053,,,,,,,
Com_68_neg,Myristic Acid,C14 H28 O2,228.209,9.527,227.20171,Full match,No results,Full match,Lipids and lipid-like molecules,Fatty Acyls,Fatty acids and conjugates,Long-chain fatty acids,1088335.49,3103227.048,4747429.977,1990366.737,1390340.444,2013711.157,1236285.44,1507608.89,3327617.189,993923.398,,,,,,,
Com_69_neg,N-Acetyl-Dl-glutamic acid,C7 H11 N O5,189.06359,1.578,188.05638,No results,No results,Full match,Organic acids and derivatives,Carboxylic acids and derivatives,"Amino acids, peptides, and analogues",Glutamic acid and derivatives,1849122.483,1410940.497,4345686.107,2132775.675,1589802.307,1209390.751,1099939.897,982377.0979,4848554.953,1643079.257,,,,,,,
Com_70_neg,Nonadecanoic acid,C19 H38 O2,298.28733,11.724,297.28012,No results,No results,Full match,Lipids and lipid-like molecules,Fatty Acyls,Fatty acids and conjugates,Long-chain fatty acids,1863693.911,3421550.065,3586571.054,1545712.997,1966437.682,2849353.874,1926262.745,2785339.368,1024323.104,387371.123,,,,,,,
Com_71_neg,Adrenosterone,C19 H24 O3,300.17254,6.033,299.16537,No results,No results,Full match,Lipids and lipid-like molecules,Steroids and steroid derivatives,Androstane steroids,Androgens and derivatives,1848438.019,2986003.963,3352162.706,3203587.761,2879078.229,2686422.758,1361146.899,1576542.941,2774104.422,2557276.748,,,,,,,
Com_72_neg,Sodium Dehydrocholate,C24 H33 Na O5,424.2208,9.017,423.21347,No results,No results,Full match,Lipids and lipid-like molecules,Steroids and steroid derivatives,"Bile acids, alcohols and derivatives","Bile acids, alcohols and derivatives",295614.9794,1610699.732,3249932.71,798926.8244,669398.4065,805152.4766,821419.5041,563191.9117,859328.9491,404834.1017,,,,,,,
Com_73_neg,Citric acid,C6 H8 O7,146.02165,1.585,145.01425,No results,Invalid mass,No match,Organic acids and derivatives,Carboxylic acids and derivatives,Tricarboxylic acids and derivatives,Tricarboxylic acids and derivatives,1450638.082,716273.5613,2283303.571,1532716.979,1477181.43,2799781.135,2935151.677,842378.689,1824158.783,1561674.049,,,,,,,
Com_74_neg,Dithranol,C14 H10 O3,226.06313,5.922,225.05583,No results,No results,Full match,Benzenoids,Anthracenes,Not available,Anthracenes,2986274.097,2739437.057,2379195.609,2814265.114,2538515.783,2638724.427,1629390.437,1804134.145,2377101.623,2800526.213,,,,,,,
Com_75_neg,Spiculisporic Acid,C17 H28 O6,328.18879,6.019,327.18134,No results,No results,Full match,Organic acids and derivatives,Carboxylic acids and derivatives,Tricarboxylic acids and derivatives,Tricarboxylic acids and derivatives,2443386.937,731719.0598,2350146.981,1004982.704,1093933.914,1102132.235,1455890.576,2642069.466,865772.7251,2406556.487,,,,,,,
Com_76_neg,lithocholic acid,C24 H40 O3,376.2977,10.134,375.29031,No results,No results,Full match,Lipids and lipid-like molecules,Steroids and steroid derivatives,"Bile acids, alcohols and derivatives","Monohydroxy bile acids, alcohols and derivatives",210832.0589,1361534.197,2598429.943,371139.6027,431185.0267,312378.8709,607265.5647,460193.1484,746454.4451,368049.8055,,,,,,,
Com_77_neg,2-Hydroxy-3-methylbutanoic acid,C5 H10 O3,118.06326,5.209,117.05598,No results,No results,Full match,Lipids and lipid-like molecules,Fatty Acyls,Fatty acids and conjugates,Hydroxy fatty acids,1912474.095,1240147.9,1785134.856,1304358.867,1577094.406,1754848.603,1258407.704,2201450.633,1696123.008,2075718.053,,,,,,,
Com_78_neg,"2,3-dinor Prostaglandin E1",C18 H30 O5,308.19899,7.422,307.19171,Invalid mass,No results,No results,Lipids and lipid-like molecules,Fatty Acyls,Eicosanoids,Prostaglandins and related compounds,530995.8074,1434881.762,2044994.37,1580952.984,1250488.468,1174892.584,613576.4765,613328.3083,969914.8706,1023082.373,,,,,,,
Com_79_neg,Mag (18:1),C21 H40 O4,356.29275,9.847,355.28528,No results,No results,Full match,Lipids and lipid-like molecules,Fatty Acyls,Lineolic acids and derivatives,Lineolic acids and derivatives,442219.3061,1579935.208,1964358.504,1695196.858,510090.4512,612696.707,398389.0677,633046.7594,1289077.457,247365.8145,,,,,,,
Com_80_neg,Delta-Tridecalactone,C13 H24 O2,212.17774,6.703,211.17053,No results,No results,Full match,Organoheterocyclic compounds,Lactones,Delta valerolactones,Delta valerolactones,1980866.256,218449.7478,470374.5202,238170.7058,388441.7316,375602.9808,1109622.279,1945971.37,244051.7024,1838342.219,,,,,,,
Com_81_neg,FAHFA (15:0/17:2),C32 H58 O4,506.4315,9.971,505.42422,No results,Full match,No results,Lipids and lipid-like molecules,Fatty Acyls,Fatty acids and conjugates,Fatty acids,73610.37429,460161.3588,1911975.677,98135.84712,103677.6836,321281.0483,232280.0894,219592.1062,500305.7163,84951.72036,,,,,,,
Com_82_neg,Homogentisic Acid,C8 H8 O4,168.04239,5.444,167.03511,No results,No results,Full match,Benzenoids,Benzene and substituted derivatives,Phenylacetic acids,2(hydroxyphenyl)acetic acids,796799.7861,519740.8758,826029.6609,587100.0573,726001.4383,675459.6525,1112190.21,730023.6065,600896.1051,1562213.631,,,,,,,
Com_83_neg,Calcium D-Panthotenate,C18 H32 Ca N2 O10,476.16807,5.324,475.1608,No results,No results,Full match,Organic acids and derivatives,Carboxylic acids and derivatives,"Amino acids, peptides, and analogues",Beta amino acids and derivatives,271555.3943,962162.3849,1081917.573,1415594.697,703536.5073,953122.8293,264192.3217,276330.2742,465399.7125,219822.223,,,,,,,
Com_84_neg,N-lactoyl-phenylalanine,C12 H15 N O4,237.09971,5.316,236.09244,No results,No results,Full match,Organic acids and derivatives,Carboxylic acids and derivatives,"Amino acids, peptides, and analogues",Phenylalanine and derivatives,718925.9493,444030.1824,1037516.168,418893.5458,285478.938,415153.6937,323166.0194,527731.5521,264902.4448,497765.4661,,,,,,,
Com_85_neg,Octanedioic acid,C8 H14 O4,174.08948,4.946,173.0822,No results,No results,Full match,Lipids and lipid-like molecules,Fatty Acyls,Fatty acids and conjugates,Medium-chain fatty acids,1042586.867,493074.9573,512179.4962,525279.6305,538467.4611,632527.0622,453291.9637,986688.0426,596214.1634,1023921.468,,,,,,,
Com_86_neg,Vitamin B2,C17 H20 N4 O6,376.13923,9.519,375.13196,No results,No results,Full match,Organoheterocyclic compounds,Pteridines and derivatives,Alloxazines and isoalloxazines,Flavins,338083.7877,675156.1325,806215.4184,487563.3642,328623.1677,520681.6328,307056.9778,390279.7482,719213.8109,430641.2759,,,,,,,
Com_87_neg,"All-cis-4,7,10,13,16-docosapentaenoic acid",C22 H34 O2,330.25609,10.147,329.24881,No results,No results,Full match,Lipids and lipid-like molecules,Fatty Acyls,Fatty acids and conjugates,Very long-chain fatty acids,103601.3334,999715.4708,245479.4875,318713.5261,149789.8616,149032.5406,138070.3353,88757.2885,591111.2644,118073.2717,,,,,,,
Com_88_neg,LPG 15:0,C21 H43 O9 P,470.26509,11.862,469.25781,No results,Full match,No results,Lipids and lipid-like molecules,Glycerophospholipids,Glycerophosphoglycerols,Phosphatidylglycerols,422692.8507,901827.9049,681960.405,400679.8396,406578.0754,737854.9545,289784.9346,483136.3961,634440.1932,91470.17062,,,,,,,
Com_89_neg,3-[4-methyl-1-(2-methylpropanoyl)-3-oxocyclohexyl]butanoic acid,C15 H24 O4,268.16733,5.93,267.16003,Full match,No results,No results,,,,,12577362.82,21782183.41,18888772.14,22200103.44,14155987.87,15771920.09,15006020.85,9772980.297,19962309.91,18192513.23,,,,,,,
Com_90_neg,LPE 15:0,C20 H42 N O7 P,439.27035,8.775,438.26343,No results,Full match,No results,Lipids and lipid-like molecules,Glycerophospholipids,Glycerophosphoethanolamines,1-acyl-sn-glycero-3-phosphoethanolamines,18971359.67,75941728.12,31021554.07,22897043.23,30491478.9,57475452.86,31877821.28,30931298.27,52483246.45,10152116.33,,,,,,,
Com_91_neg,Homovanillic acid,C9 H10 O4,182.05807,5.149,181.05081,Full match,No results,Full match,Benzenoids,Phenols,Methoxyphenols,Methoxyphenols,2445706.724,3176460.144,2375211.207,2706984.999,2609673.339,3270615.223,3104668.077,2015500.864,2242660.755,2493949.917,,,,,,,
Com_92_neg,Lysope 16:0,C21 H44 N O7 P,453.28614,9.344,452.27881,No results,No results,Full match,Lipids and lipid-like molecules,Glycerophospholipids,Glycerophosphoethanolamines,1-(1Z-alkenyl)-glycero-3-phosphoethanolamines,21589501.61,31799871.23,32229646.02,17863117.53,18687930.02,27065621.15,16406392.36,24747235.81,29950753.29,9855705.906,,,,,,,
Com_93_neg,Corticosterone,C21 H30 O4,382.18624,10.407,381.17886,Invalid mass,No results,No results,Lipids and lipid-like molecules,Steroids and steroid derivatives,Hydroxysteroids,21-hydroxysteroids,1643681.963,3481013.19,3716435.621,1686984.62,1678035.378,2504848.102,2015030.653,2424668.488,4459655.267,1371541.168,,,,,,,
Com_94_neg,Estrone,C18 H22 O2,306.14482,6.126,305.1376,Invalid mass,No results,No results,Lipids and lipid-like molecules,Steroids and steroid derivatives,Estrane steroids,Estrogens and derivatives,1170645.496,169135.605,669044.7121,238694.238,462780.4206,372060.8744,748715.3887,1465900.306,155552.4371,1381145.505,,,,,,,
