Compound_ID,Name,Formula,Molecular Weight,RT [min],m/z,mzCloud_Results,mzVault_Results,MassList_Results,Class_I,Class_II,Class_III,Class_IV,pos_XY_5,pos_XY_4,pos_XY_6,pos_XY_3,pos_XY_1,pos_XY_7,pos_XY_2
Com_1_pos,Palmitoyl sphingomyelin,C39 H79 N2 O6 P,702.56756,10.148,703.5741,Full match,Full match,No results,Lipids and lipid-like molecules,Sphingolipids,Phosphosphingolipids,Phosphosphingolipids,33432165673,27951236387,25400625291,27883497061,33752561327,13364418196,28281447559
Com_2_pos,Betaine,C5 H11 N O2,117.07926,1.298,118.08658,Full match,Full match,Full match,Organic acids and derivatives,Carboxylic acids and derivatives,"Amino acids, peptides, and analogues",Alpha amino acids,4704184048,4558521437,5054210373,2838735839,7064428520,7535037992,5786894625
Com_3_pos,Creatine,C4 H9 N3 O2,131.0696,1.321,132.07697,Full match,Full match,Full match,Organic acids and derivatives,Carboxylic acids and derivatives,"Amino acids, peptides, and analogues",Alpha amino acids and derivatives,4228685041,4549683026,2832370582,4676647458,3912798668,3926450539,4257529073
Com_4_pos,Stearamide,C18 H37 N O,283.28738,10.285,284.29437,Full match,Full match,No results,Organic acids and derivatives,Carboximidic acids and derivatives,Carboximidic acids,Carboximidic acids,28609333.69,630200806.6,21000990.1,12174152.15,8670981.501,15035882.93,339230163.5
Com_5_pos,Creatinine,C4 H7 N3 O,113.05921,1.293,114.0666,Full match,Full match,Full match,Organic acids and derivatives,Carboxylic acids and derivatives,"Amino acids, peptides, and analogues",Alpha amino acids and derivatives,2565788707,3181799841,3384414770,3367222802,2370089269,1930016381,3039690089
Com_6_pos,"2-Amino-1,3-octadecanediol",C18 H39 N O2,301.29798,6.443,302.30527,Full match,Full match,Full match,Organic nitrogen compounds,Organonitrogen compounds,Amines,"1,2-aminoalcohols",2181579589,1984932149,2151761011,3277261913,1960069539,1471520255,2743268573
Com_7_pos,Acetyl-L-carnitine,C9 H17 N O4,203.11566,1.333,204.12296,Full match,Full match,Full match,Lipids and lipid-like molecules,Fatty Acyls,Fatty acid esters,Acyl carnitines,1296108774,1874659895,1334402689,1732401863,1567221861,936589910.3,1335489723
Com_8_pos,Valine,C5 H11 N O2,117.07928,1.719,118.08675,Full match,Full match,Full match,Organic acids and derivatives,Carboxylic acids and derivatives,"Amino acids, peptides, and analogues",Valine and derivatives,7402628402,5326634969,3409269876,6529205299,3739695181,2758770060,5778949177
Com_9_pos,Choline,C5 H13 N O,103.10014,1.267,104.10749,Full match,Full match,No results,Organic nitrogen compounds,Organonitrogen compounds,Quaternary ammonium salts,Cholines,562802408.4,571236367.9,592735538.8,422966595.7,510412581.4,225200559.8,549258476.4
Com_10_pos,L-Pyroglutamic acid,C5 H7 N O3,129.0427,2.157,130.05003,Full match,Full match,Full match,Organic acids and derivatives,Carboxylic acids and derivatives,"Amino acids, peptides, and analogues",Alpha amino acids and derivatives,337525289,374201449.6,989910140.4,247629234.8,294280654.6,260269606.7,492240725.2
Com_11_pos,L-(+)-Citrulline,C6 H13 N3 O3,175.09569,1.296,176.10329,Full match,Full match,Full match,Organic acids and derivatives,Carboxylic acids and derivatives,"Amino acids, peptides, and analogues",Alpha amino acids,323180638.6,244735099.6,107325276.2,272532963.7,205020922.8,117824091.9,264821285.7
Com_12_pos,1-Methylhistidine,C7 H11 N3 O2,169.08514,1.265,170.09241,Full match,Full match,Full match,Organic acids and derivatives,Carboxylic acids and derivatives,"Amino acids, peptides, and analogues",Histidine and derivatives,124266608.1,117103229.4,108487289.2,115972138.7,33545105.29,79137427.19,44984789.28
Com_13_pos,9-Oxo-ODE,C18 H30 O3,294.21952,7.974,295.2269,Full match,Full match,Full match,Lipids and lipid-like molecules,Fatty Acyls,Lineolic acids and derivatives,Lineolic acids and derivatives,31279545.68,32364628.85,113061419.9,4546311.191,44471346.54,4383731.01,44629576.31
Com_14_pos,Cortisol,C21 H30 O5,362.20924,6.053,363.21732,Full match,Full match,Full match,Lipids and lipid-like molecules,Steroids and steroid derivatives,Hydroxysteroids,21-hydroxysteroids,50046203.97,123399890.5,92655573.63,194577499.1,37945168.14,95530372,207128392
Com_15_pos,Indole,C8 H7 N,117.05804,5.024,118.06529,Full match,Full match,No results,Organoheterocyclic compounds,Indoles and derivatives,Indoles,Indoles,508071816.4,486920428.3,484692857.8,422167933.7,744824449.8,221613424.7,327245299.9
Com_16_pos,Serotonin,C10 H12 N2 O,176.09509,3.122,177.10237,Full match,Full match,Full match,Organoheterocyclic compounds,Indoles and derivatives,Tryptamines and derivatives,Serotonins,3284019045,3264459080,1089696883,438311264,819926306.5,10681707.13,2262407685
Com_17_pos,Octadecanamine,C18 H39 N,269.3081,7.314,270.31528,Full match,Full match,No results,Organic nitrogen compounds,Organonitrogen compounds,Amines,Monoalkylamines,27859198.34,27391657.25,31108560.72,55393625.53,20875422.09,15882129.56,58461927.45
Com_18_pos,Indirubin,C16 H10 N2 O2,262.07407,6.564,263.08133,Full match,Full match,No results,Organoheterocyclic compounds,Indoles and derivatives,Indolines,Indolines,744432.4693,665546.1702,920315.6336,551839.7905,12852559.95,2076664.834,934891.4406
Com_19_pos,DL-Lysine,C6 H14 N2 O2,146.10556,1.219,147.11296,Full match,Full match,Full match,Organic acids and derivatives,Carboxylic acids and derivatives,"Amino acids, peptides, and analogues",Alpha amino acids,330973213.3,320352085.4,160940590.9,311259835,212056987.3,128104519.4,239753535
Com_20_pos,Oleoyl ethanolamide,C20 H39 N O2,325.29781,9.536,326.3056,Full match,Full match,No results,Organic nitrogen compounds,Organonitrogen compounds,Amines,N-acylethanolamines,10097015.3,3513092.235,27457657.09,5886656.58,11971116.09,484077.7803,4563295.137
Com_21_pos,Indole-3-acetic acid,C10 H9 N O2,175.06336,5.724,176.0704,Full match,Full match,Full match,Organoheterocyclic compounds,Indoles and derivatives,Indolyl carboxylic acids and derivatives,Indole-3-acetic acid derivatives,32279985.9,41186557.61,46937538.58,35993921.45,88628116.29,40345811.99,39048217.37
Com_22_pos,Isoquinoline,C9 H7 N,129.05797,5.814,130.06535,Full match,Full match,No results,Organoheterocyclic compounds,Isoquinolines and derivatives,Not available,Isoquinolines and derivatives,162175198.5,150705622.8,133607824,121885900.1,194666091.9,58783484.43,102429532
Com_23_pos,Decanoylcarnitine,C17 H33 N O4,315.24082,5.996,316.24817,Full match,Full match,No results,Lipids and lipid-like molecules,Fatty Acyls,Fatty acid esters,Acyl carnitines,130924452.2,70280431.27,50215199.06,33366694.6,58733442.87,29023422.22,66692426.8
Com_24_pos,Adenosine,C10 H13 N5 O4,267.09654,3.046,268.10382,Full match,Full match,Full match,"Nucleosides, nucleotides, and analogues",Purine nucleosides,Not available,Purine nucleosides,149612527.4,202517251.8,9152282.14,235215722.7,261940817.6,2091250.744,551147727
Com_25_pos,Testosterone,C19 H28 O2,288.20883,6.705,289.21613,Full match,Full match,Full match,Lipids and lipid-like molecules,Steroids and steroid derivatives,Androstane steroids,Androgens and derivatives,23577834.29,9220249.834,7449504.496,7061258.864,62458153.16,10565093.85,6028233.762
Com_26_pos,"N,N-Dimethylsphingosine",C20 H41 N O2,327.31344,6.869,328.32074,Full match,Full match,No results,Organic nitrogen compounds,Organonitrogen compounds,Amines,"1,2-aminoalcohols",2187475.534,3989857.399,21999339.92,3482803.322,2866146.093,1814762.951,3713601.406
Com_27_pos,Dibutyl sebacate,C18 H34 O4,314.24546,8.527,315.25281,Full match,Full match,Full match,Lipids and lipid-like molecules,Fatty Acyls,Fatty acid esters,Fatty acid esters,11175023,7525545.826,2279249.29,2305940.235,20823898.82,868265.8129,3185856.349
Com_28_pos,2-Arachidonoyl glycerol,C23 H38 O4,378.27694,9.224,379.28455,Full match,Full match,Full match,Lipids and lipid-like molecules,Endocannabinoids,Not available,Endocannabinoids,9461986.257,11199557.61,7594605.924,13358315.93,71168878.79,21932812.24,5487475.136
Com_29_pos,Progesterone,C21 H30 O2,314.22417,7.164,315.23145,Full match,Full match,Full match,Lipids and lipid-like molecules,Steroids and steroid derivatives,Pregnane steroids,"Gluco/mineralocorticoids, progestogins and derivatives",7117621.656,2399738.248,8931033.866,3953687.083,8408954.845,4724691.136,2350840.036
Com_30_pos,Cortisone,C21 H28 O5,360.19343,5.962,361.2012,Full match,Full match,No results,Lipids and lipid-like molecules,Steroids and steroid derivatives,Hydroxysteroids,21-hydroxysteroids,5822744.45,10726025.79,12623889.27,11443990.24,7975216.971,7634555.149,13257363.87
Com_31_pos,5¦Á-Dihydrotestosterone,C19 H30 O2,290.2246,8.355,291.23187,Full match,Full match,Full match,Lipids and lipid-like molecules,Steroids and steroid derivatives,Androstane steroids,Androgens and derivatives,7849450.218,2124513.405,3239905.997,2980349.191,5777108.708,164627501,7533458.725
Com_32_pos,Sodium [dodecanoyl(methyl)amino]acetate,C15 H29 N O3,271.21458,7.842,272.22217,Full match,Full match,No results,,,,,8475270.286,8252627.02,25587623.87,7063957.202,22980195.56,6171462.72,6163982.153
Com_33_pos,DL-Tryptophan,C11 H12 N2 O2,204.08991,5.174,205.09756,Full match,Full match,Full match,Organoheterocyclic compounds,Indoles and derivatives,Indolyl carboxylic acids and derivatives,Indolyl carboxylic acids and derivatives,21327486653,21377195866,20990156129,18670679363,28681452355,5561932948,14736094302
Com_34_pos,L-Phenylalanine,C9 H11 N O2,165.07899,4.888,166.08629,Full match,Full match,Full match,Organic acids and derivatives,Carboxylic acids and derivatives,"Amino acids, peptides, and analogues",Phenylalanine and derivatives,21702152506,19825233327,15681661066,20879305911,17228971223,8525598020,21291603606
Com_35_pos,Phenylacetylglycine,C10 H11 N O3,193.07396,5.505,194.08099,Full match,Full match,Full match,Organic acids and derivatives,Carboxylic acids and derivatives,"Amino acids, peptides, and analogues",N-acyl-alpha amino acids,1902367699,3973398806,3507884280,4154109408,3126358413,2383321247,4393556614
Com_36_pos,L-Glutamic acid,C5 H9 N O4,147.05312,1.298,148.06049,Full match,Full match,Full match,Organic acids and derivatives,Carboxylic acids and derivatives,"Amino acids, peptides, and analogues",Glutamic acid and derivatives,73046504.72,80377488.19,94921123.73,38366805.13,103895346.1,111956144.2,33091899.13
Com_37_pos,Docosapentaenoic acid,C22 H34 O2,330.25564,9.935,331.2634,Full match,Full match,Full match,Lipids and lipid-like molecules,Fatty Acyls,Fatty acids and conjugates,Very long-chain fatty acids,228212978.3,158452354.2,351987954.3,108631369.5,109285760.7,225754988.8,156806704.2
Com_38_pos,Eicosapentaenoic acid,C20 H30 O2,302.22426,9.236,303.23184,Full match,Full match,Full match,Lipids and lipid-like molecules,Fatty Acyls,Fatty acids and conjugates,Long-chain fatty acids,45453132.34,37554462.71,48329633.73,9643130.112,26580595.06,23621266.09,26936403.16
Com_39_pos,Carnosine,C9 H14 N4 O3,226.10677,1.269,227.11395,Full match,Full match,Full match,Organic acids and derivatives,Peptidomimetics,Hybrid peptides,Hybrid peptides,17493155.43,39271281.95,27079858.25,34013080.7,30755336.24,15892203.22,26906112.57
Com_40_pos,N-Acetylornithine,C7 H14 N2 O3,174.10047,1.331,175.10794,Full match,Full match,Full match,Organic acids and derivatives,Carboxylic acids and derivatives,"Amino acids, peptides, and analogues",N-acyl-alpha amino acids,144179935.5,100777213.9,102359690.2,142813602.8,74431412.12,71334720.03,77636973.45
Com_41_pos,Glycyl-L-leucine,C8 H16 N2 O3,188.11606,5.093,189.12328,Full match,Full match,Full match,Organic acids and derivatives,Carboxylic acids and derivatives,"Amino acids, peptides, and analogues",Peptides,12331681.29,9254715.76,93544080.32,9746104.37,13567487.33,11780056.92,13636633.31
Com_42_pos,Oleic acid,C18 H34 O2,282.25581,8.504,283.26306,Full match,Full match,No results,Lipids and lipid-like molecules,Fatty Acyls,Fatty acids and conjugates,Long-chain fatty acids,112967574.3,127012977.4,57662629.22,101738931.1,354443226.4,31701253.35,177458023.6
Com_43_pos,N-Acetylneuraminic acid,C11 H19 N O9,309.10597,1.342,310.11328,Full match,Full match,Full match,Organic oxygen compounds,Organooxygen compounds,Carbohydrates and carbohydrate conjugates,N-acylneuraminic acids,7821400.949,8709832.643,16452647.11,13623491.7,9675222.986,9652561.735,8723720.65
Com_44_pos,Pantothenic acid,C9 H17 N O5,219.11063,5.073,220.11798,Full match,Full match,Full match,Organic oxygen compounds,Organooxygen compounds,Alcohols and polyols,Secondary alcohols,255723995.1,240927932.3,99996111.16,357273569.6,188048472.5,42916003.4,363180714.3
Com_45_pos,Levothyroxine,C15 H11 I4 N O4,776.68623,6.189,777.6925,Full match,Full match,Full match,Organic acids and derivatives,Carboxylic acids and derivatives,"Amino acids, peptides, and analogues",Phenylalanine and derivatives,53213816.79,66490839.64,65708133.14,47305757.91,31432384.14,30572365.04,55080147.89
Com_46_pos,Indole-3-lactic acid,C11 H11 N O3,205.07352,5.614,206.08093,Full match,Full match,Full match,Organoheterocyclic compounds,Indoles and derivatives,Indolyl carboxylic acids and derivatives,Indolyl carboxylic acids and derivatives,130056957.4,110072584.9,99012725.14,64082349.4,67891293.71,32390246.18,74855970.09
Com_47_pos,Adenosine 5'-monophosphate,C10 H14 N5 O7 P,347.06192,1.352,348.06891,Full match,Full match,Full match,"Nucleosides, nucleotides, and analogues",Purine nucleotides,Purine ribonucleotides,Purine ribonucleoside monophosphates,178619061.9,202834297.2,1226943.247,48101597.96,54908588.47,8974991.08,140897081.7
Com_48_pos,Cytidine,C9 H13 N3 O5,243.08514,1.328,244.09233,Full match,Full match,Full match,"Nucleosides, nucleotides, and analogues",Pyrimidine nucleosides,Not available,Pyrimidine nucleosides,5227126.066,5227676.486,4393175.867,4547395.375,5936120.788,12801114.95,4255116.989
Com_49_pos,Methyl palmitate,C17 H34 O2,287.28235,6.183,288.2897,Invalid mass,Invalid mass,No results,Lipids and lipid-like molecules,Fatty Acyls,Fatty acid esters,Fatty acid methyl esters,6536466272,7510562980,6670589388,1898378335,7837899655,4815377073,1683065004
Com_50_pos,PC (18:2/18:2),C44 H80 N O8 P,781.56101,11.111,782.56818,No results,Full match,No results,Lipids and lipid-like molecules,Glycerophospholipids,Glycerophosphocholines,Phosphocholines,6566135515,7577500868,5977212094,4509621821,6356629715,1770436430,3990058685
Com_51_pos,PC (14:0e/2:0),C24 H50 N O7 P,495.33249,8.957,496.33987,No results,Full match,Full match,Lipids and lipid-like molecules,Glycerophospholipids,Glycerophosphocholines,Phosphocholines,8899144444,7832466518,9160301031,6246067631,6536050662,5640229783,3436409783
Com_52_pos,Cholesterol,C27 H46 O,386.35445,11.023,387.36139,No results,No results,Full match,Lipids and lipid-like molecules,Steroids and steroid derivatives,Cholestane steroids,Cholesterols and derivatives,2282046239,2126303842,2667711482,1729354102,1744394519,1571216558,2776593463
Com_53_pos,PC (18:0/20:5),C46 H82 N O8 P,807.57762,11.526,808.58392,No results,Full match,No results,Lipids and lipid-like molecules,Glycerophospholipids,Glycerophosphocholines,Phosphocholines,63809521.37,46664851.34,45821119.79,35503612.56,45760459,34345822.47,27809585.4
Com_54_pos,PC (16:2e/2:0),C26 H50 N O7 P,519.33248,8.63,520.33929,No results,Full match,Full match,Lipids and lipid-like molecules,Glycerophospholipids,Glycerophosphocholines,Phosphocholines,11247395697,10628361590,5562878985,7770183956,6845345390,5407917212,5943721806
Com_55_pos,1H-indene-3-carboxamide,C10 H9 N O,159.06842,3.116,160.07565,Full match,No results,No results,,,,,3274092045,3257257523,1088314857,437408641.9,818452520.3,9737936.976,2258970100
Com_56_pos,Ecgonine,C9 H15 N O3,185.10524,5.702,186.11272,Full match,No results,No results,Alkaloids and derivatives,Tropane alkaloids,Not available,Tropane alkaloids,397074303.4,228623853.7,74577631.96,51302620.33,206937619.3,133610610.8,190945509.5
Com_57_pos,"5,6-dimethoxy-2-(2-methoxyphenyl)-4H-chromen-4-one",C18 H16 O5,128.06667,5.626,295.0965,Invalid mass,No results,No results,,,,,16881221.44,18224650.62,24895758.07,19750943.01,29621415.81,19643233.56,4888559.405
Com_58_pos,DL-Arginine,C6 H14 N4 O2,157.08517,1.263,158.09244,Invalid mass,Invalid mass,No results,Organic acids and derivatives,Carboxylic acids and derivatives,"Amino acids, peptides, and analogues",Arginine and derivatives,101311180.4,110441308.6,61318731.66,68866250.37,43104378.67,38211640.79,98239049.1
Com_59_pos,"2-Amino-1,3,4-octadecanetriol",C18 H39 N O3,317.29272,6.123,318.30014,Full match,No results,No results,Organic nitrogen compounds,Organonitrogen compounds,Amines,"1,3-aminoalcohols",1024690566,927595547.2,1074858940,1757756206,951506981.2,674847680.4,1641471696
Com_60_pos,N1-(2-cyanoethyl)-N1-cyclohexyl-4-bromobenzene-1-sulfonamide,C15 H19 Br N2 O2 S,370.03966,5.716,371.04703,Invalid mass,No results,No results,,,,,44183942.51,5367660.246,11659902.53,55640727.36,3964180.691,2772729.705,64392533.29
Com_61_pos,Phosphocholine,C5 H14 N O4 P,183.06603,10.14,184.07317,No results,Full match,No results,Organic nitrogen compounds,Organonitrogen compounds,Quaternary ammonium salts,Phosphocholines,307624054.3,338256138.8,282233804.4,248415587.7,392721617.5,169056712.4,325085501.5
Com_62_pos,ACar 18:0,C25 H50 N O4,427.36601,7.657,428.37396,No results,Invalid mass,No results,Lipids and lipid-like molecules,Fatty Acyls,Fatty acid esters,Acyl carnitines,891675861.7,925806008.5,736788222.8,701320098.5,1030183719,549860284,813953874.4
Com_63_pos,o-Cresol,C7 H8 O,108.05789,5.395,109.06532,No results,No results,Full match,Benzenoids,Phenols,Cresols,Ortho cresols,361325582.1,315371790.5,338215167.5,324054648.7,336082486.8,177098489.5,345867317.7
Com_64_pos,Ethylmalonate,C5 H8 O4,132.04245,5.097,133.04968,No results,No results,Full match,Lipids and lipid-like molecules,Fatty Acyls,Fatty acids and conjugates,Branched fatty acids,1453313529,1504513909,1353005754,1546032763,1318693609,253477001.4,1449391201
Com_65_pos,PC (18:4e/2:0),C28 H50 N O7 P,543.33215,8.587,544.34027,No results,Full match,Full match,Lipids and lipid-like molecules,Glycerophospholipids,Glycerophosphocholines,Phosphocholines,1134468408,1157638768,1767517298,994784285.4,1423543377,1151802956,482508798.5
Com_66_pos,Biliverdin,C33 H34 N4 O6,582.24788,10.56,583.25562,No results,Full match,No results,Organoheterocyclic compounds,Tetrapyrroles and derivatives,Bilirubins,Bilirubins,63470444.55,113769761.9,65354100.32,32081601.21,86093438.08,98370278.05,66044204.43
Com_67_pos,PC (20:4/20:4),C48 H80 N O8 P,829.56035,8.69,830.56763,No results,Full match,No results,Lipids and lipid-like molecules,Glycerophospholipids,Glycerophosphocholines,Phosphocholines,232704099.3,42668106.97,42370057.59,28621172.3,21479364,19138729,12908312.05
Com_68_pos,APK,C14 H26 N4 O4,336.17466,10.39,337.18176,Invalid mass,No results,No results,,,,,6052671.851,4442607.349,2947949.476,2508349.08,5293253.179,5784039.869,2935131.989
Com_69_pos,Cuminaldehyde,C10 H12 O,148.08879,6.701,149.09607,Full match,No results,No results,Lipids and lipid-like molecules,Prenol lipids,Monoterpenoids,Aromatic monoterpenoids,14134481.62,60319474.77,84585264.13,76661181.08,31557145.78,53506547.15,67797291.38
Com_70_pos,4'-methyl Acetyl fentanyl-d5,C22 H23 [2]H5 N2 O,341.25637,6.132,342.26358,Invalid mass,Invalid mass,No results,,,,,283145964.9,221346239.8,57601717.74,169386659.7,47972392.78,30060401.65,207965878.5
Com_71_pos,PC (16:0/17:2),C41 H78 N O8 P,743.54648,10.197,744.55359,No results,Full match,No results,Lipids and lipid-like molecules,Glycerophospholipids,Glycerophosphocholines,Phosphocholines,5908511.236,6675751.205,5293990.065,92613542.24,7418138.011,3800796.816,3594703.187
Com_72_pos,6-Methylquinoline,C10 H9 N,143.07353,5.172,144.08107,Full match,Not the top hit,No results,Organoheterocyclic compounds,Quinolines and derivatives,Not available,Quinolines and derivatives,558686091.6,558359378.5,554635868.4,515739794.2,736509567.1,238388339.9,409687485.4
Com_73_pos,PC (16:1/16:1),C40 H76 N O8 P,1459.05516,10.134,730.53455,No results,Invalid mass,No results,Lipids and lipid-like molecules,Glycerophospholipids,Glycerophosphocholines,Phosphocholines,2246106.612,1935774.304,3772762.03,1758776.656,1522405.148,1265026.483,968464.0483
Com_74_pos,"(2,6-dimethylmorpholino)(1-methyl-5-nitro-1H-pyrazol-4-yl)methanone",C11 H16 N4 O4,306.07139,5.593,307.07883,Invalid mass,No results,No results,,,,,298238043.2,120475366.1,1300468317,281843147.4,195541256.9,383941999.3,396024421.8
Com_75_pos,Palmitoylcarnitine,C23 H45 N O4,399.33468,7.162,400.34247,Full match,Not the top hit,Full match,Lipids and lipid-like molecules,Fatty Acyls,Fatty acid esters,Acyl carnitines,454810237.2,561926029.5,423969261.3,280056973.3,608288737.9,226204654.3,414340837
Com_76_pos,PC (18:3e/2:0),C28 H52 N O7 P,545.34802,8.954,546.3559,No results,Full match,No results,Lipids and lipid-like molecules,Glycerophospholipids,Glycerophosphocholines,Phosphocholines,550154681.1,637770398.8,638986090.7,668574372.4,426992698,384670490.7,342640594.2
Com_77_pos,"16,16-Dimethyl prostaglandin A1",C22 H36 O4,386.24566,6.412,387.25327,Invalid mass,No results,No results,Lipids and lipid-like molecules,Fatty Acyls,Eicosanoids,Prostaglandins and related compounds,1506528.727,754387.6829,2701073.161,662414.6021,1488185.779,11137140.79,971513.2084
Com_78_pos,"1,2-dihydroxyheptadec-16-yn-4-yl acetate",C19 H34 O4,308.2348,9.535,309.24191,Invalid mass,Invalid mass,No results,,,,,5198913.216,41213741.04,4340370.11,3548696.398,5899073.93,11168469.08,3115843.498
Com_79_pos,13-HPODE,C18 H32 O4,312.22992,7.976,313.23727,No results,No results,Full match,Lipids and lipid-like molecules,Fatty Acyls,Lineolic acids and derivatives,Lineolic acids and derivatives,26958268.15,25628585.59,51648483.48,17493700.31,85551069.2,19367240.69,24546183.19
Com_80_pos,3-hydroxy-2-octylpentanedioic acid,C13 H24 O5,242.15172,6.45,243.15948,Invalid mass,No results,No results,,,,,35438478.36,25935038.15,8418014.94,16882398.19,25697962.36,8820463.467,28419003.63
Com_81_pos,PC (15:0/15:0),C38 H76 N O8 P,705.53013,10.361,706.53674,No results,Full match,No results,Lipids and lipid-like molecules,Glycerophospholipids,Glycerophosphocholines,Phosphocholines,226681943.5,216752431.6,233453450.6,405598689.3,213458230.9,132453031.1,217119180.6
Com_82_pos,PC (16:2e/4:0),C28 H54 N O7 P,547.36348,9.686,548.37189,No results,Full match,Full match,Lipids and lipid-like molecules,Glycerophospholipids,Glycerophosphocholines,Phosphocholines,414167025.4,633264341.5,288039940.1,492896255.9,250127650.9,169028820.2,264946109.4
Com_83_pos,Prolylleucine,C11 H20 N2 O3,228.14734,1.338,229.15469,Full match,Not the top hit,Full match,Organic acids and derivatives,Carboxylic acids and derivatives,"Amino acids, peptides, and analogues",Dipeptides,213120825.1,311227236.8,257656325.2,293591749,182135292.2,175063802.6,307750999.1
Com_84_pos,ACar 18:1,C25 H48 N O4,425.35029,7.293,426.3576,No results,Invalid mass,No results,Lipids and lipid-like molecules,Fatty Acyls,Fatty acid esters,Acyl carnitines,373398519.7,343258846.8,345191399.6,186560814.8,385591640.3,181801433.8,273171508.6
Com_85_pos,L-Histidine,C6 H9 N3 O2,155.06953,1.268,156.07683,No results,No results,Full match,Organic acids and derivatives,Carboxylic acids and derivatives,"Amino acids, peptides, and analogues",Histidine and derivatives,66591645.05,75815871.62,65366257.68,68928825.34,102404887.2,41728638.34,62122749.96
Com_86_pos,N-Tetradecanamide,C14 H29 N O,227.22484,8.537,228.23196,No results,No results,Full match,Lipids and lipid-like molecules,Fatty Acyls,Fatty amides,Fatty amides,100534663.6,114259991,97111580.81,76177851.73,68550899.16,46795222.04,79677396.76
Com_87_pos,N-Acetyl-L-leucine,C8 H15 N O3,173.10525,5.232,174.1125,No results,No results,Full match,Organic acids and derivatives,Carboxylic acids and derivatives,"Amino acids, peptides, and analogues",Leucine and derivatives,337139031.9,353223641.1,229478902,352603788.4,258255390,117986384.7,100532193.7
Com_88_pos,4-(2-((4-Methoxyphenyl)amino)oxazol-5-yl)benzonitrile,C17 H13 N3 O2,291.09996,6.853,292.10724,Full match,No results,No results,Organoheterocyclic compounds,Azoles,Oxazoles,"Phenyl-1,3-oxazoles",416667102.3,469957748.8,556467440.5,414598444.9,253195022.7,256220376.8,484249729.8
Com_89_pos,Hydroxyproline,C5 H9 N O3,131.05833,1.285,132.06586,No results,Full match,Full match,Organic acids and derivatives,Carboxylic acids and derivatives,"Amino acids, peptides, and analogues",Proline and derivatives,49762478.43,47083823.62,59495168.08,48087806.1,72076700.49,889627968.6,52519882.04
Com_90_pos,PC (14:1e/3:0),C25 H50 N O7 P,507.33238,8.751,508.33932,No results,Full match,No results,Lipids and lipid-like molecules,Glycerophospholipids,Glycerophosphocholines,Phosphocholines,385463901.4,374438150.9,197384825,306063669.5,376338600.2,118070257.2,244065888.9
Com_91_pos,Pyridoxamine,C8 H12 N2 O2,168.08733,1.227,169.09459,No results,Invalid mass,No results,Organoheterocyclic compounds,Pyridines and derivatives,Pyridoxamines,Pyridoxamine 5'-phosphates,136006146.7,210806693,78156854.94,224895950.8,144369633.2,58235526.51,86658351.9
Com_92_pos,(+/-)12(13)-DiHOME,C18 H34 O4,296.23499,7.909,279.23199,Invalid mass,No results,No match,Lipids and lipid-like molecules,Fatty Acyls,Fatty acids and conjugates,Long-chain fatty acids,3852169.774,1349824.919,933133.8943,1249205.053,8027379.226,7077323.014,1005575.09
Com_93_pos,6-Ketoprostaglandin F1¦Á,C20 H34 O6,352.22224,6.485,353.22916,Invalid mass,Invalid mass,No results,Lipids and lipid-like molecules,Fatty Acyls,Eicosanoids,Prostaglandins and related compounds,57378225.1,49673579.14,176787651.6,38141431.16,109118399.6,8429840.075,47715790.66
Com_94_pos,Pregnanetriol,C21 H36 O3,358.25068,6.938,359.25845,No results,Invalid mass,No results,Lipids and lipid-like molecules,Steroids and steroid derivatives,Pregnane steroids,"Gluco/mineralocorticoids, progestogins and derivatives",265887727.7,247242523.3,24107029.03,183107105,69432875.96,24044282.67,54116106.21
Com_95_pos,ACar 13:0,C20 H40 N O4,357.28755,6.446,358.29495,No results,Invalid mass,No results,Lipids and lipid-like molecules,Fatty Acyls,Fatty acid esters,Acyl carnitines,232624772.6,175272843.8,251476245.5,192937630,276395748.3,157490287.8,269788405.7
Com_96_pos,2-[5-(2-hydroxypropyl)oxolan-2-yl]propanoic acid,C10 H18 O4,224.10234,6.012,225.10941,Invalid mass,No results,No results,,,,,53721641.65,39713625.29,33201870.65,87677708.48,77864305.02,57454194.79,86816202.65
Com_97_pos,Monolaurin,C15 H30 O4,274.21422,7.91,275.22122,Full match,No results,No results,,,,,11696153.53,2559067.039,6386900.176,3779652.85,3245062.364,809200.7344,2627849.713
Com_98_pos,"7-(2-hydroxypropan-2-yl)-1,4a-dimethyl-decahydronaphthalen-1-ol",C15 H28 O2,222.19816,11.273,223.20543,Invalid mass,No results,No results,,,,,20749033.48,15434754.18,7950305.366,8200995.378,25806503.69,5511315.487,10388410.46
Com_99_pos,"2,3-dihydroxypropyl 12-methyltridecanoate",C17 H34 O4,302.24541,8.768,303.25262,Full match,No results,No results,,,,,6514892.161,4711623.22,8504815.748,3812628.488,5593267.432,7311471.657,3527782.492
Com_100_pos,20-Carboxy-Leukotriene B4,C20 H30 O6,366.20543,11.643,367.21265,No results,No results,Full match,,,,,1980052.153,1248207.868,1922310.408,1246646.077,2047923.751,10123835.06,1390208.053
Com_101_pos,"2-[(3S)-1-(3,4-Difluorobenzyl)-3-pyrrolidinyl]-1,3-benzoxazole",C18 H16 F2 N2 O,314.12641,10.552,315.134,Invalid mass,No results,No results,Organoheterocyclic compounds,Benzoxazoles,Not available,Benzoxazoles,21159090.59,22246459.2,12665475.98,6648547.439,18768875.06,4739337.669,19633777.77
Com_102_pos,5-Hydroxyindole,C8 H7 N O,133.05281,5.647,134.05994,Full match,Not the top hit,Full match,Organoheterocyclic compounds,Indoles and derivatives,Hydroxyindoles,Hydroxyindoles,15769297.82,28131242.31,71513047.71,22813106.56,23074143.23,18145840.24,32550865.4
Com_103_pos,PC (18:5e/2:0),C28 H48 N O7 P,541.31431,8.13,542.32159,No results,Full match,No results,Lipids and lipid-like molecules,Glycerophospholipids,Glycerophosphocholines,Phosphocholines,318630326.1,306618875.8,709159891.3,218678692.2,246360885.2,547303748.6,228172835.7
Com_104_pos,4-Hydroxyisoleucine,C6 H13 N O3,147.0896,1.332,148.09685,No results,No results,Full match,Organic acids and derivatives,Carboxylic acids and derivatives,"Amino acids, peptides, and analogues",Isoleucine and derivatives,253074462.1,216286746.9,86490584.23,164700457.4,162861232.7,87015457.99,280673965.6
Com_105_pos,ACar 14:1,C21 H40 N O4,369.28778,6.487,370.29501,No results,Invalid mass,No results,Lipids and lipid-like molecules,Fatty Acyls,Fatty acid esters,Acyl carnitines,236366670.8,111861777.9,99068773.5,60698251.31,116347663.3,51493835.13,95633606.66
Com_106_pos,Hypoxanthine,C5 H4 N4 O,136.03837,1.953,137.04565,Full match,No results,Full match,Organoheterocyclic compounds,Imidazopyrimidines,Purines and purine derivatives,Hypoxanthines,195621579.6,294829184.1,28206281.81,39654891.6,78966850.67,11075388.34,192851711.1
Com_107_pos,Styrene,C8 H8,104.06301,7.166,105.07035,No results,No results,Full match,Benzenoids,Benzene and substituted derivatives,Styrenes,Styrenes,65778643.74,57460706.48,47852200.8,33572677.4,50434571.79,60059016.1,42505619.2
Com_108_pos,Methionine,C5 H11 N O2 S,149.05112,1.343,150.05841,No results,No results,Full match,Organic acids and derivatives,Carboxylic acids and derivatives,"Amino acids, peptides, and analogues",Methionine and derivatives,462246128.8,506103987.1,164624067.2,360844655.7,418847753,86878775.41,70385381.91
Com_109_pos,Norfenefrine,C8 H11 N O2,153.07654,1.425,154.08377,No results,Invalid mass,No results,Benzenoids,Phenols,1-hydroxy-4-unsubstituted benzenoids,1-hydroxy-4-unsubstituted benzenoids,15547222.7,16920354.41,17393193.54,14157715.33,11903107.79,9628145.758,16655539.12
Com_110_pos,Lysope 14:0,C19 H40 N O7 P,425.25618,6.188,426.26389,No results,No results,Full match,Lipids and lipid-like molecules,Glycerophospholipids,Glycerophosphoethanolamines,1-acyl-sn-glycero-3-phosphoethanolamines,111756127.3,161634785.1,16342249.06,36838539.31,7862278.34,15910630.92,39476562.5
Com_111_pos,N-Desmethyltramadol,C15 H23 N O2,249.17035,10.082,250.17763,Invalid mass,No results,No results,Benzenoids,Phenol ethers,Anisoles,Anisoles,5345424.976,3810873.162,5163065.907,3140718.488,2502306.296,2548137.842,3185784.394
Com_112_pos,cis-7-Hexadecenoic Acid,C16 H30 O2,254.22428,7.97,255.23134,No results,No results,Full match,Lipids and lipid-like molecules,Fatty Acyls,Fatty acids and conjugates,Long-chain fatty acids,7591629.974,8988768.728,11609154.69,4895285.687,13403586.65,5147496.364,8331443.539
Com_113_pos,ACar 10:1,C17 H32 N O4,313.22518,5.804,314.2326,No results,Invalid mass,No results,Lipids and lipid-like molecules,Fatty Acyls,Fatty acid esters,Acyl carnitines,22892448.33,27751825.13,18205492.94,26157288.08,11028198.4,5348687.433,31008359.65
Com_114_pos,D-Erythrose 4-phosphate,C4 H9 O7 P,200.00869,1.238,218.04245,No results,No results,Full match,,,,,2110696.308,1892270.153,2138573.578,4475238.88,3614067.501,5382394.432,3014516.348
Com_115_pos,Sphingosine (d18:1),C18 H37 N O2,299.2823,6.486,300.28958,Full match,Partial match,Full match,,,,,72525848.07,85250594.82,90334905.18,62803946.69,65479531.11,18319140.47,79361150.75
Com_116_pos,2-Phenylglycine,C8 H9 N O2,151.06347,5.395,152.07098,No results,No results,Full match,Organic acids and derivatives,Carboxylic acids and derivatives,"Amino acids, peptides, and analogues",Alpha amino acids,17917803.37,22931220.2,18575447.74,19488642.63,36840765.88,30257067.07,27702582.6
Com_117_pos,(¡À)8-HEPE,C20 H30 O3,300.2085,7.068,301.21576,Invalid mass,No match,No match,,,,,3323620.282,4051276.55,4134579.326,2979846.826,9424265.715,5954048.831,2760945.509
Com_118_pos,Pilocarpine,C11 H16 N2 O2,208.12516,6.748,209.13222,No results,Invalid mass,No results,Alkaloids and derivatives,Not available,Not available,Alkaloids and derivatives,29341669.49,15265475.15,14991692.67,11108107.98,51597127.93,34972786.76,8048529.814
Com_119_pos,"N,N-Diethylethanolamine",C6 H15 N O,117.11552,1.326,118.12286,No results,Full match,No results,Organic nitrogen compounds,Organonitrogen compounds,Amines,"1,2-aminoalcohols",126287203.1,165694779.2,157256097.6,160480104.7,137643091.1,64579414.61,148774799.7
Com_120_pos,4-Acetamidobutyric Acid,C6 H11 N O3,145.07387,4.866,146.08154,No results,No results,Full match,Organic acids and derivatives,Carboxylic acids and derivatives,"Amino acids, peptides, and analogues",Gamma amino acids and derivatives,73666373.01,84927275.04,190372554,51086243.68,86604815.69,73800605.9,78364673.76
Com_121_pos,Carbaprostacyclin,C21 H34 O4,332.23491,6.764,333.24219,No results,Invalid mass,No match,Lipids and lipid-like molecules,Fatty Acyls,Eicosanoids,Prostaglandins and related compounds,1435119.097,958258.2398,1119203.098,1142718.887,3097943.666,2179485.436,839433.3788
Com_122_pos,N-acetyl-D-glucosamine,C8 H15 N O6,221.09046,6.929,222.09772,No results,No results,Full match,Organic oxygen compounds,Organooxygen compounds,Carbohydrates and carbohydrate conjugates,Acylaminosugars,42973574.11,44522836.72,47106289.35,39014527.57,36886980.13,15995397.2,35167315.97
Com_123_pos,"2-methyl-2,3,4,5-tetrahydro-1,5-benzoxazepin-4-one",C10 H11 N O2,159.06835,1.339,160.07568,Invalid mass,No results,No results,,,,,126132605.2,111998252.7,115852677.7,109330865.9,172503364.6,39184985.09,82160512.29
Com_124_pos,Senecionine,C18 H25 N O5,353.18785,10.352,354.19659,Invalid mass,No results,No results,Phenylpropanoids and polyketides,Macrolides and analogues,Not available,Macrolides and analogues,90894860.23,93925947.65,29061733.2,35631200.65,139480252.3,70131985.78,38805846.2
Com_125_pos,16(R)-HETE,C20 H32 O3,342.21697,7.62,343.22467,Invalid mass,No results,No results,Lipids and lipid-like molecules,Fatty Acyls,Eicosanoids,Hydroxyeicosatetraenoic acids,47076410.23,15531412.5,30128625.21,29520841.98,253781452.9,41329305.8,13380760.4
Com_126_pos,Stearoyl ethanolamide,C20 H41 N O2,327.31345,10.176,328.32138,Full match,No results,No results,Organic nitrogen compounds,Organonitrogen compounds,Amines,N-acylethanolamines,48623231.38,39663247.71,51053747.41,112746368.7,36813669.29,29317021.86,123104205.6
Com_127_pos,Hexanoylcarnitine,C13 H25 N O4,259.17829,5.395,260.18567,Full match,No results,No results,Lipids and lipid-like molecules,Fatty Acyls,Fatty acid esters,Acyl carnitines,171816379.2,123724001.6,65498126.6,130708854,141134585.3,16319543.57,71676719.92
Com_128_pos,Estrone,C18 H22 O2,252.15131,6.533,253.1588,Invalid mass,No results,No results,Lipids and lipid-like molecules,Steroids and steroid derivatives,Estrane steroids,Estrogens and derivatives,8518196.234,6946130.971,808873.9367,1052097.027,54275874.5,17633531.93,1597803.679
Com_129_pos,"2-hydroxy-6-[(8Z,11Z)-pentadeca-8,11,14-trien-1-yl]benzoic acid",C22 H30 O3,324.2038,9.821,325.21121,Invalid mass,No results,No results,,,,,46118187.64,27426161.84,20427542.19,23361568.89,31649330.9,20145944.5,27933344.44
Com_130_pos,"2,2,5,5-tetramethyl-2,5-dihydro-1H-pyrrole-3-carboxamide",C9 H16 N2 O,151.09979,5.589,152.10698,Invalid mass,No results,No results,,,,,54806600.59,53228630.21,52042714.97,42911950.15,48231862.65,31900429.18,38197807.44
Com_131_pos,1-Phenyl-3-methyl-5-pyrazolone,C10 H10 N2 O,192.08974,1.314,175.08632,Invalid mass,No results,No results,,,,,28040446.99,19455743.93,16778277.98,9655399.709,15673897.93,1154293.473,33272766.79
Com_132_pos,"3-(3,4-dimethylphenyl)-3,4-dihydro-1,2,3-benzotriazin-4-one",C15 H13 N3 O,273.08308,6.729,274.09009,Invalid mass,No results,No results,,,,,29378182.79,22624973.22,28736292.16,6599493.575,24740855.52,5685394.023,13750832.05
Com_133_pos,N-Acetylglycine,C4 H7 N O3,117.0429,1.343,118.05032,No results,Full match,Full match,Organic acids and derivatives,Carboxylic acids and derivatives,"Amino acids, peptides, and analogues",N-acyl-alpha amino acids,348038.8588,498969.3515,557744.7185,391927.5029,360829.9549,1363410136,710844.5179
Com_134_pos,Choline Glycerophosphate,C8 H20 N O6 P,257.10256,9.18,258.11002,No results,No results,Full match,Lipids and lipid-like molecules,Glycerophospholipids,Glycerophosphocholines,Glycerophosphocholines,38838669.63,29232175.64,64179427.25,26116919,56651777.76,81689710.11,54995038.89
Com_135_pos,ACar 16:1,C23 H44 N O4,397.31901,6.852,398.32681,No results,Invalid mass,No results,Lipids and lipid-like molecules,Fatty Acyls,Fatty acid esters,Acyl carnitines,140340545.2,77297416.34,65250878.53,34674435.65,80246772.12,32018234.75,56972138.27
Com_136_pos,All trans-Retinal,C20 H28 O,284.21385,6.865,285.22116,No results,No results,Full match,Lipids and lipid-like molecules,Prenol lipids,Retinoids,Retinoids,5443656.806,4042829.498,6138695.44,3641227.589,31819594.81,8156174.872,5318484.026
Com_137_pos,"4-(anilinomethylidene)-3-methyl-4,5-dihydroisoxazol-5-one",C11 H10 N2 O2,220.08487,3.544,221.09224,Invalid mass,No results,No match,,,,,48744756.71,55959208.92,56711812.97,44643482.82,77904410.73,14783819.98,35653595.97
Com_138_pos,"1,4-dihydroxyheptadec-16-en-2-yl acetate",C19 H36 O4,350.24309,9.045,351.25037,Invalid mass,No results,No results,,,,,40712062.8,24958812.14,42822694.26,26857531.73,185477984.2,74760016.26,22380396.71
Com_139_pos,Taurine,C2 H7 N O3 S,125.01499,1.331,126.02227,No results,No results,Full match,Organic acids and derivatives,Organic sulfonic acids and derivatives,Organosulfonic acids and derivatives,Organosulfonic acids,29857118.57,31752205.17,21176777.51,22359688.17,18960419.94,6135207.77,39171839.52
Com_140_pos,Artemisinin,C15 H22 O5,299.17304,6.444,300.18042,No results,Invalid mass,No results,Lipids and lipid-like molecules,Prenol lipids,Terpene lactones,Terpene lactones,33524698.02,44786783.78,62763974.36,27752952.93,34796340.63,45271281.98,29854365.09
Com_141_pos,4-(4-methoxyphenyl)-2-(methylthio)pyrimidine,C12 H12 N2 O S,254.04601,7.041,255.05348,Invalid mass,No results,No results,,,,,1097036.193,1028679.095,1029280.94,1567243.394,1151168.085,1419686.146,1158856.734
Com_142_pos,"(1R,2R)-trans-N-Boc-1,2-cyclohexanediamine",C11 H22 N2 O2,214.168,5.941,215.17535,No results,No results,Full match,Organic nitrogen compounds,Organonitrogen compounds,Cyclohexylamines,Cyclohexylamines,31752093.57,33676861.25,35469981.99,30552842.22,35055345.67,24745285.22,28571997.22
Com_143_pos,11¦Â-Hydroxyandrosterone,C19 H30 O3,324.22987,6.559,325.23773,Invalid mass,Invalid mass,No results,Lipids and lipid-like molecules,Steroids and steroid derivatives,Androstane steroids,Androgens and derivatives,41412711.46,8835662.404,63826572.02,13590148.82,14875383.75,26809513.3,9996551.036
Com_144_pos,Coenzyme Q2,C19 H26 O4,318.18688,9.819,319.19446,Invalid mass,No results,No results,Lipids and lipid-like molecules,Prenol lipids,Quinone and hydroquinone lipids,Ubiquinones,13572339.84,12884706.29,11352584.57,8642304.073,6719285.544,6917857.069,14066231.16
Com_145_pos,4-morpholinobenzoic acid,C11 H13 N O3,207.08942,5.632,208.09679,Full match,No results,Full match,,,,,9687539.104,16807696.96,22474130.66,21536100.63,10510253.3,9333622.186,16481239.66
Com_146_pos,"p-Mentha-1,3,8-triene",C10 H14,134.10951,9.647,135.11685,No results,No results,Full match,Lipids and lipid-like molecules,Prenol lipids,Monoterpenoids,Aromatic monoterpenoids,11226362.21,19810682.59,7909593.535,11800898.12,16579123.39,8559041.288,15837478.5
Com_147_pos,L-Tyrosine,C9 H11 N O3,181.07417,5.488,182.08165,No results,Full match,Full match,Organic acids and derivatives,Carboxylic acids and derivatives,"Amino acids, peptides, and analogues",Tyrosine and derivatives,1684927181,1960593266,1157601313,1678349927,1520276864,551091320,1489243780
Com_148_pos,3-Hydroxy-3-methylbutanoic acid,C5 H10 O3,101.03941,4.889,102.04679,Invalid mass,No results,No results,Lipids and lipid-like molecules,Fatty Acyls,Fatty acids and conjugates,Hydroxy fatty acids,330676282.3,265134782.7,305074618.5,252135914.1,299945864.5,152053581.5,261320888.8
Com_149_pos,2-(cyclopropylcarbonyl)-3-(4-fluoroanilino)acrylonitrile,C13 H11 F N2 O,252.06681,9.509,253.07428,Invalid mass,No results,No results,,,,,6192179.016,8416389.133,7011246.885,3663964.33,9161584.359,6370401.878,7569753.417
Com_150_pos,5-Hydroxytryptophol,C10 H11 N O2,177.07889,1.335,178.08617,No results,No results,Full match,Organoheterocyclic compounds,Indoles and derivatives,Hydroxyindoles,Hydroxyindoles,8175944.307,8089268.462,18555666.95,21789822.31,28936738.36,9504248.335,11571557.08
Com_151_pos,octadec-9-ynoic acid,C18 H32 O2,262.22955,9.815,263.23718,Invalid mass,No results,No results,,,,,64103204.45,39794166.46,28214732.51,43683984.29,204170676.5,13237796.11,54528164.2
Com_152_pos,6-(3-hydroxybutan-2-yl)-5-(hydroxymethyl)-4-methoxy-2H-pyran-2-one,C11 H16 O5,266.05123,1.328,267.05859,Invalid mass,No results,No results,,,,,5089306.6,3163659.454,5534258.374,5203025.05,6280738.809,2880051.561,4874320.558
Com_153_pos,MAG (18:3),C21 H36 O4,352.26088,8.803,353.26859,No results,No results,Full match,Lipids and lipid-like molecules,Glycerolipids,Monoradylglycerols,Monoacylglycerols,54962207.39,52108981.19,22923507,28764167.97,58391407.05,20589780.41,28728511
Com_154_pos,DL-5-Methoxytryptophan,C12 H14 N2 O3,217.07382,5.176,218.08119,Invalid mass,Invalid mass,No results,Organoheterocyclic compounds,Indoles and derivatives,Tryptamines and derivatives,Serotonins,30723934.25,35769917.88,31871673.82,32540472.93,47652015.2,6249960.513,24976030.38
Com_155_pos,DL-2-(acetylamino)-3-phenylpropanoic acid,C11 H13 N O3,229.07156,5.678,230.07877,Invalid mass,No results,No results,,,,,33442235.68,45153349.09,46754694.82,63986546.98,24855611.85,20075057.45,42986762.71
Com_156_pos,"1-(2-furyl)pentane-1,4-dione",C9 H10 O3,188.04493,5.609,189.05241,Invalid mass,No results,No results,,,,,491729.5211,203728.9594,235131.7701,162707.6485,149511.4934,491450735.6,5652118.505
Com_157_pos,"(2R)-2-[(2R,5S)-5-[(2S)-2-hydroxybutyl]oxolan-2-yl]propanoic acid",C11 H20 O4,198.12363,6.081,199.13089,Invalid mass,Invalid mass,No results,,,,,216742964.4,187316204.7,156499230.2,312871429.8,237275604.2,173701186.1,297497876.2
Com_158_pos,"2-(14,15-Epoxyeicosatrienoyl) glycerol",C23 H38 O5,416.25353,6.76,417.26102,Invalid mass,No results,No results,Lipids and lipid-like molecules,Glycerolipids,Monoradylglycerols,2-monoacylglycerols,22093877.16,7732922.001,3112419.535,6098342.037,44251848.33,14045303.38,1097448.897
Com_159_pos,4-oxododecanedioic acid,C12 H20 O5,266.11305,5.801,267.12045,Invalid mass,No results,No results,,,,,18409337.68,23564272.16,10314847.23,23676679.94,14938538.26,5620178.084,17056901.92
Com_160_pos,7-Ketocholesterol,C27 H44 O2,400.33386,10.857,401.34088,No results,No results,Full match,Lipids and lipid-like molecules,Steroids and steroid derivatives,Cholestane steroids,Cholesterols and derivatives,3285671.651,4255532.62,2237394.655,4606555.789,1927907.542,2397597.721,2145489.887
Com_161_pos,"2,4-dihydroxyheptadec-16-en-1-yl acetate",C19 H36 O4,350.24307,7.324,351.25034,Invalid mass,No results,No results,,,,,1949152.708,2653513.281,1443217.139,2620222.18,2628285.024,1241539.434,1389316.176
Com_162_pos,N-Methyldioctylamine,C17 H37 N,255.29243,6.44,256.29974,Full match,No results,No results,,,,,40038161.25,53283091.38,54717827.89,14716869.08,27338459.12,17990765.51,14772794.74
Com_163_pos,D-Phenylalanine,C9 H11 N O2,165.07901,6.258,166.08653,No results,No results,Full match,Organic acids and derivatives,Carboxylic acids and derivatives,"Amino acids, peptides, and analogues",Phenylalanine and derivatives,38202166.58,52777862.26,51735133.69,22813795.77,36665902.18,28697113.64,30532295.18
Com_164_pos,(9cis)-Retinal,C20 H28 O,284.21385,7.619,285.22153,Full match,No results,Full match,Lipids and lipid-like molecules,Prenol lipids,Retinoids,Retinoids,11921012.06,6218431.492,9899828.622,9791255.532,91897148.27,15373949.42,4292779.819
Com_165_pos,5'-S-Methyl-5'-thioadenosine,C11 H15 N5 O3 S,297.08927,5.182,298.09613,No results,Full match,Full match,"Nucleosides, nucleotides, and analogues",5'-deoxyribonucleosides,5'-deoxy-5'-thionucleosides,5'-deoxy-5'-thionucleosides,20891170.5,16838820.8,9953009.24,19092868.58,18218009.37,4762500.649,32791704.66
Com_166_pos,PC (14:1e/6:0),C28 H56 N O7 P,549.37932,10.008,550.38708,No results,Full match,No results,Lipids and lipid-like molecules,Glycerophospholipids,Glycerophosphocholines,Phosphocholines,30073182.34,33597698.11,26457654.44,31632763.64,29986034.95,16452117.74,19032458.95
Com_167_pos,3-Methoxycinnamic acid,C10 H10 O3,160.05265,8.96,161.06007,Invalid mass,Invalid mass,No results,Phenylpropanoids and polyketides,Cinnamic acids and derivatives,Hydroxycinnamic acids and derivatives,Coumaric acids and derivatives,6344357.534,7354016.378,8354371.236,8120460.833,6033724.997,5763164.566,13579587.41
Com_168_pos,XLR11 N-(4-hydroxypentyl) metabolite,C21 H28 F N O2,345.21495,5.43,346.22241,Invalid mass,No results,No results,Organoheterocyclic compounds,Indoles and derivatives,N-alkylindoles,N-alkylindoles,38357364.92,26744127.26,32412852.11,22440628.95,39764528.92,1739763.008,35847610
Com_169_pos,(+/-)11(12)-DiHET,C20 H34 O4,360.22727,6.955,361.23419,Invalid mass,No results,No results,Lipids and lipid-like molecules,Fatty Acyls,Eicosanoids,Hydroxyeicosatrienoic acids,331024.5769,352473.1926,1806881.173,1087868.932,2157948.019,38710240.19,1615889.875
Com_170_pos,ACar 15:1,C22 H42 N O4,383.30335,6.684,384.31088,No results,Invalid mass,No results,Lipids and lipid-like molecules,Fatty Acyls,Fatty acid esters,Acyl carnitines,23126649.66,12689839.99,5778912.631,8142859.914,8494658.291,3130240.124,10584556.69
Com_171_pos,2-Hydroxy-3-methylbutanoic acid,C5 H10 O3,118.06321,5.143,119.07066,No results,No results,Full match,Lipids and lipid-like molecules,Fatty Acyls,Fatty acids and conjugates,Hydroxy fatty acids,742932.0806,493087.9294,696880.1505,479026.6086,584901.025,597842.8855,677130.5121
Com_172_pos,L-Asparagine,C4 H8 N2 O3,132.05341,1.282,155.04271,No results,No results,Full match,Organic acids and derivatives,Carboxylic acids and derivatives,"Amino acids, peptides, and analogues",Asparagine and derivatives,10571730.54,10908928.27,4515281.659,8706677.767,8921819.839,2362601.17,7053312.264
Com_173_pos,4-Hydroxyretinoic Acid,C20 H28 O3,316.20335,6.446,317.21024,No results,No results,Full match,Lipids and lipid-like molecules,Prenol lipids,Retinoids,Retinoids,11248268.63,6120681.932,21964829.66,23122875.81,35984014.53,10608338.47,20796719.69
Com_174_pos,N-Acetyl-aspartic acid,C6 H9 N O5,175.04814,1.975,176.05542,No results,No results,Full match,Organic acids and derivatives,Carboxylic acids and derivatives,"Amino acids, peptides, and analogues",Aspartic acid and derivatives,17081622.46,14114040.31,59831161.94,17994823.99,16548521.92,18286662.98,17609054.45
Com_175_pos,PC (19:1/20:5),C47 H82 N O8 P,819.57512,11.008,820.5824,No results,Full match,No results,Lipids and lipid-like molecules,Glycerophospholipids,Glycerophosphocholines,Phosphocholines,36673548.23,53310654.15,45900521.46,27624681.71,53356429.68,23392217.86,48938368.92
Com_176_pos,D-Panthenol,C9 H19 N O4,205.13142,5.09,206.1387,Full match,No results,Full match,Organic oxygen compounds,Organooxygen compounds,Alcohols and polyols,Secondary alcohols,7926924.204,6160072.09,5982228.453,7529754.545,5813666.447,5075579.547,9303172.558
Com_177_pos,L-serine,C3 H7 N O3,105.04296,1.282,106.05029,No results,No results,Full match,Organic acids and derivatives,Carboxylic acids and derivatives,"Amino acids, peptides, and analogues",Serine and derivatives,511410.0242,340815.7443,840795.3522,500531.3379,908453.6624,2402721.619,472643.8413
Com_178_pos,PC (18:3/18:3),C44 H76 N O8 P,777.52954,11.011,778.53717,No results,Full match,No results,Lipids and lipid-like molecules,Glycerophospholipids,Glycerophosphocholines,Phosphocholines,33460833.48,56381092.14,40960116.01,58967460.48,21262788.21,18880212.06,28601940.95
Com_179_pos,Prostaglandin K2,C20 H30 O5,332.1983,6.86,333.20615,Invalid mass,No match,No results,Lipids and lipid-like molecules,Fatty Acyls,Eicosanoids,Prostaglandins and related compounds,53413849.39,34627468.76,21456068.18,3030937.798,59730689.6,8081238.855,15841420.94
Com_180_pos,"4-methoxy-6-(prop-2-en-1-yl)-2H-1,3-benzodioxole",C11 H12 O3,192.07922,6.473,193.08653,Full match,No results,No results,,,,,124570999.7,250945719.6,236538287.6,239583066.3,194562748.5,150412390.1,244610466
Com_181_pos,ACar 18:2,C25 H46 N O4,423.33452,7.029,424.3414,No results,Invalid mass,No results,Lipids and lipid-like molecules,Fatty Acyls,Fatty acid esters,Acyl carnitines,16175918.39,18969558.76,21098368.33,10316340.8,8888713.25,12239217.61,12126478.88
Com_182_pos,cGMP,C10 H12 N5 O7 P,345.04853,9.182,346.0556,No results,No results,Full match,"Nucleosides, nucleotides, and analogues",Purine nucleotides,Cyclic purine nucleotides,"3',5'-cyclic purine nucleotides",8321943.543,10059990.93,9859256.251,7485057.105,9316675.232,7152197.741,7699516.449
Com_183_pos,Prostaglandin H1,C20 H34 O5,336.23276,5.072,337.24008,Invalid mass,No results,No results,Lipids and lipid-like molecules,Fatty Acyls,Eicosanoids,Prostaglandins and related compounds,70021059.7,70524046.68,63322923.99,76221979.94,66755234.72,14863109.81,59650536.81
Com_184_pos,Dehydroepiandrosterone (DHEA),C19 H28 O2,270.1979,6.231,271.20517,Invalid mass,Invalid mass,No results,Lipids and lipid-like molecules,Steroids and steroid derivatives,Androstane steroids,Androgens and derivatives,3162113.76,2751665.018,4888456.987,2055847.929,4582639.796,20012864.58,2056350.154
Com_185_pos,Avocadyne 1-acetate,C19 H34 O4,308.23497,8.365,309.24237,No results,Invalid mass,No results,Lipids and lipid-like molecules,Fatty Acyls,Fatty alcohols,Long-chain fatty alcohols,3180206.671,11375490.11,26008437.15,7474813.401,13772415.42,4274037.528,1573077.337
Com_186_pos,7¦Á-Hydroxytestosterone,C19 H28 O3,304.20351,6.956,305.21082,Full match,No results,Full match,Lipids and lipid-like molecules,Steroids and steroid derivatives,Androstane steroids,Androgens and derivatives,10150385.37,5161483.362,5643866.025,7324167.489,615910479.7,113544684.2,5086082.942
Com_187_pos,RPK,C17 H33 N7 O4,399.26209,5.783,400.26971,Invalid mass,No results,No results,,,,,16631479.98,10109836.52,8355219.573,5394150.599,14739340.07,1435107.883,10036870.01
Com_188_pos,Melatonin,C13 H16 N2 O2,232.12445,5.922,233.13161,Invalid mass,No results,No results,Organoheterocyclic compounds,Indoles and derivatives,Indoles,3-alkylindoles,10767391.18,26748371.92,466297623.2,232437862.8,400911653.6,739408.9518,324592342.6
Com_189_pos,3-Indoleacrylic acid,C11 H9 N O2,187.06343,6.095,188.07074,No results,No results,Full match,Organic acids and derivatives,Carboxylic acids and derivatives,"Amino acids, peptides, and analogues",N-acyl-alpha amino acids,2062963.169,2628773.058,1613920.15,3580049.234,1438544.546,1894140.006,843342.2671
Com_190_pos,¦Â-Cortolone,C21 H34 O5,348.22984,6.297,349.23679,Invalid mass,Unused,No results,Lipids and lipid-like molecules,Steroids and steroid derivatives,Hydroxysteroids,21-hydroxysteroids,21907331.85,13539221.82,43377932.79,16358197.7,47080426.22,23099106.56,12241013.01
Com_191_pos,ACar 15:0,C22 H44 N O4,385.31898,6.875,386.327,No results,Invalid mass,No results,Lipids and lipid-like molecules,Fatty Acyls,Fatty acid esters,Acyl carnitines,82807481.23,49759468.16,22711177.11,41069661.08,34584565.89,17179117.84,49162333
Com_192_pos,ACar 20:0,C27 H54 N O4,455.3971,8.199,456.40405,No results,Invalid mass,No results,Lipids and lipid-like molecules,Fatty Acyls,Fatty acid esters,Acyl carnitines,8554761.019,10043258.1,16953118.57,4390634.076,7288114.438,24611401.01,3488284.536
Com_193_pos,10-Nitrolinoleate,C18 H31 N O4,342.25575,7.266,343.26288,Invalid mass,Invalid mass,No results,Lipids and lipid-like molecules,Fatty Acyls,Lineolic acids and derivatives,Lineolic acids and derivatives,1307285.051,1476741.449,1849176.996,1282185.66,1620151.94,2137694.829,1234543.41
Com_194_pos,Methyl 3-indolyacetate,C11 H11 N O2,189.07884,6.016,190.08618,No results,No results,Full match,Organoheterocyclic compounds,Indoles and derivatives,Indolyl carboxylic acids and derivatives,Indole-3-acetic acid derivatives,51836363.05,43178758.66,7307460.985,3855502.388,9339336.934,2783255.927,15668037.18
Com_195_pos,2-[(3S)-1-(1H-Indol-3-ylmethyl)-3-pyrrolidinyl]-1H-benzimidazole,C20 H20 N4,316.17105,9.311,317.17874,Invalid mass,No results,No results,Organoheterocyclic compounds,Indoles and derivatives,Indoles,3-alkylindoles,29082109.22,2056807.688,16001873.23,8608420.922,26539357.67,16059696.74,9927909.742
Com_196_pos,6-Methoxy-2-naphthoic acid,C12 H10 O3,202.06313,5.596,203.07002,No results,No results,Full match,Benzenoids,Naphthalenes,Naphthalenecarboxylic acids and derivatives,Naphthalenecarboxylic acids,7240678.061,2885986.16,29437008.31,5233276.406,3488444.08,8506475.102,10240543.27
Com_197_pos,"5-ethoxy-2-[(2,3,4,5,6-pentafluorobenzyl)thio]-1H-benzo[d]imidazole",C16 H11 F5 N2 O S,396.03422,7.536,397.04111,Invalid mass,No results,No results,,,,,601412.5746,570996.5978,580697.0774,862491.2154,665803.1902,533508.6449,932529.3354
Com_198_pos,Pleuromutilin,C22 H34 O5,395.26435,7.147,396.27182,Invalid mass,No results,No results,,,,,28841002.61,3615493.886,6362608.854,9893155.956,35008540.85,5957006.695,7143224.717
Com_199_pos,Oleoyl ethylamide,C20 H39 N O,309.30324,6.88,310.31052,Full match,No results,No results,Lipids and lipid-like molecules,Fatty Acyls,Fatty amides,N-acyl amines,11673105.34,10879921.91,12725694.35,24492031.98,9374217.676,7508604.11,29435032.25
Com_200_pos,PC (16:2e/3:0),C27 H52 N O7 P,533.34684,9.054,534.3537,No results,Full match,No results,Lipids and lipid-like molecules,Glycerophospholipids,Glycerophosphocholines,Phosphocholines,12426930.66,13369765.6,9308565.379,10610815.97,8204311.239,6756015.842,7020365.648
Com_201_pos,alpha-Farnesene,C15 H24,204.18732,9.654,205.1946,No results,No results,Full match,Lipids and lipid-like molecules,Prenol lipids,Sesquiterpenoids,Sesquiterpenoids,9294862.284,7161576.061,4271615.964,3980999.316,11645959.98,2956509.766,5062802.999
Com_202_pos,Estriol,C18 H24 O3,328.16888,10.179,329.17703,Invalid mass,No results,No results,Lipids and lipid-like molecules,Steroids and steroid derivatives,Estrane steroids,Estrogens and derivatives,5668284.657,4785001.203,1393657.159,7167374.089,2075916.563,2727699.227,4443085.673
Com_203_pos,"3-amino-2-phenyl-2H-pyrazolo[4,3-c]pyridine-4,6-diol",C12 H10 N4 O2,242.08029,5.823,243.08763,Full match,No results,No results,,,,,8280568.575,7205791.632,5584527.449,13840619.5,7246413.285,3059252.605,13483103.29
Com_204_pos,"4,4'-dimethoxy[1,1'-biphenyl]-2-carbonitrile",C15 H13 N O2,239.09441,4.809,240.10146,Full match,No results,No results,,,,,34425607.08,27503894.35,35088101.99,27820641.01,25841301.99,21803997.61,18983616.9
Com_205_pos,Quinoline-4-carboxylic acid,C10 H7 N O2,173.04691,6.276,174.05418,No results,No results,Full match,Organoheterocyclic compounds,Quinolines and derivatives,Quinoline carboxylic acids,Quinoline carboxylic acids,11355606.1,21007370.68,12931954.25,767142.1443,7153500.999,31353632.91,110001858.9
Com_206_pos,Histamine,C5 H9 N3,111.08011,1.131,112.0874,No results,No results,Full match,Organic nitrogen compounds,Organonitrogen compounds,Amines,2-arylethylamines,5539144.682,8576460.335,4385431.557,5196211.161,9828036.296,7895472.406,5040437.436
Com_207_pos,PC (15:0/16:1),C39 H76 N O8 P,700.49594,8.387,701.50256,No results,Invalid mass,No results,Lipids and lipid-like molecules,Glycerophospholipids,Glycerophosphocholines,Phosphocholines,3381714.028,125048386.9,76191821.5,270260559.3,155989961.5,43355342.86,61900739.58
Com_208_pos,17alpha-Hydroxyprogesterone,C21 H30 O3,330.21926,6.254,331.22626,No results,No results,Full match,Lipids and lipid-like molecules,Steroids and steroid derivatives,Pregnane steroids,"Gluco/mineralocorticoids, progestogins and derivatives",2667270.593,5247734.414,7858328.158,4328477.648,12284416.75,12696327.28,3261546.436
Com_209_pos,Dehydrocholic acid,C24 H34 O5,402.2382,6.914,403.24548,Invalid mass,No results,No results,Lipids and lipid-like molecules,Steroids and steroid derivatives,"Bile acids, alcohols and derivatives","Bile acids, alcohols and derivatives",35418993.17,20949166.01,3065410.656,18311183.52,30702678.08,5254720.471,13918065.62
Com_210_pos,PC (14:1e/4:0),C26 H52 N O7 P,521.34793,8.303,522.35547,No results,Full match,Full match,Lipids and lipid-like molecules,Glycerophospholipids,Glycerophosphocholines,Phosphocholines,5996326369,4471088475,3714635577,5736018080,4861586227,1574316633,3889480763
Com_211_pos,Neosaxitoxin,C10 H17 N7 O5,315.12884,1.369,316.13623,Full match,No results,No results,Phenylpropanoids and polyketides,"Saxitoxins, gonyautoxins, and derivatives",Not available,"Saxitoxins, gonyautoxins, and derivatives",2666007.011,2279373.888,15605184.56,3344480.865,1985963.569,2752027.424,2829734.478
Com_212_pos,Cholecalciferol,C27 H44 O,384.33919,9.712,385.34628,Full match,No results,No results,Lipids and lipid-like molecules,Steroids and steroid derivatives,Vitamin D and derivatives,Vitamin D and derivatives,5433955.876,4959445.214,4426877.988,7607360.606,5197189.732,2955658.105,4416147.077
Com_213_pos,Heptadecanoic Acid,C17 H34 O2,292.2399,8.191,293.24741,Invalid mass,No match,No results,Lipids and lipid-like molecules,Fatty Acyls,Fatty acids and conjugates,Long-chain fatty acids,2458032.341,2479901.99,2270553.303,1820250.287,3045383.579,9226302.219,1452639.205
Com_214_pos,(5E)-7-methylidene-10-oxo-4-(propan-2-yl)undec-5-enoic acid,C15 H24 O3,274.15688,6.33,275.16415,Invalid mass,Invalid mass,No results,,,,,4441273.486,6785307.172,932160.0357,1631437.223,3285215.68,1760083.795,1548988.342
Com_215_pos,"11(Z),14(Z),17(Z)-Eicosatrienoic acid",C20 H34 O2,306.25576,8.68,307.26312,Full match,Partial match,Full match,Lipids and lipid-like molecules,Fatty Acyls,Fatty acids and conjugates,Long-chain fatty acids,9148027.31,7095717.981,6842176.504,7058025.738,29705862.44,3865764.281,8531978.783
Com_216_pos,D-Ala-D-Ala,C6 H12 N2 O3,160.08516,1.323,161.09213,No results,No results,Full match,Organic acids and derivatives,Carboxylic acids and derivatives,"Amino acids, peptides, and analogues",Dipeptides,24935514.42,20974701.82,17511044.07,31811125.46,17960106.74,21053454.36,22828152.13
Com_217_pos,11-Deoxy prostaglandin F1¦Á,C20 H36 O4,362.24321,8.755,363.2507,Invalid mass,No results,No results,Lipids and lipid-like molecules,Fatty Acyls,Eicosanoids,Prostaglandins and related compounds,6564368.177,4404064.127,6027281.19,3388105.896,5333313.011,3421036.902,3648766.214
Com_218_pos,ACar 19:0,C26 H52 N O4,441.38169,7.925,442.38971,No results,Invalid mass,No results,Lipids and lipid-like molecules,Fatty Acyls,Fatty acid esters,Acyl carnitines,13463909.19,13513213.32,11765583.07,12628651.49,17567665.17,13643972.26,10967508.34
Com_219_pos,PC (17:0/18:3),C43 H80 N O8 P,769.56052,10.101,752.55896,No results,Full match,No results,Lipids and lipid-like molecules,Glycerophospholipids,Glycerophosphocholines,Phosphocholines,21607290.06,26408924.35,23530136.94,35004496.16,12884775.22,10112991.18,31254566.86
Com_220_pos,H-Gly-Pro-OH,C7 H12 N2 O3,172.08478,1.334,173.09216,No results,No results,Full match,Organic acids and derivatives,Carboxylic acids and derivatives,"Amino acids, peptides, and analogues",Dipeptides,4242277.726,5656764.733,5596021.73,6204120.62,3516319.123,4806694.675,3378273.6
Com_221_pos,"1-(2'-fluoro[1,1'-biphenyl]-4-yl)propan-1-one",C15 H13 F O,228.09863,5.651,229.10579,Invalid mass,No results,No results,,,,,4824514.957,4577847.791,4393159.241,5664159.129,4549937.397,5970177.116,7589965.479
Com_222_pos,1-[5-(2-phenyleth-1-ynyl)-2-thienyl]ethan-1-one oxime,C14 H11 N O S,241.056,5.515,242.06328,Full match,No results,No results,,,,,7336980.318,6108159.02,6817962.025,8373577.196,10949581,2458430.368,7925013.598
Com_223_pos,3-(2-Naphthyl)-D-Alanine,C13 H13 N O2,215.09456,6.068,216.1022,No results,No results,Full match,,,,,1290054.311,1163080.071,10285271.37,1241268.696,3624636.221,1632484.51,1469048.843
Com_224_pos,Homo-Gamma-Linolenic Acid (C20:3),C20 H34 O2,306.2558,9.846,307.26352,No results,No results,Full match,Lipids and lipid-like molecules,Fatty Acyls,Fatty acids and conjugates,Long-chain fatty acids,9974056.35,7798173.946,7973894.873,4682364.613,8678251.397,15865743.1,6776708.846
Com_225_pos,Nicotinuric Acid,C8 H8 N2 O3,180.0541,5.26,181.06125,No results,No results,Full match,Organic acids and derivatives,Carboxylic acids and derivatives,"Amino acids, peptides, and analogues",N-acyl-alpha amino acids,32137892.95,29145511.26,15498232.08,35509007.56,17062454.67,10492571.46,23277969.76
Com_226_pos,"All-Trans-13,14-Dihydroretinol",C20 H32 O,288.24523,11.082,289.25241,No results,No results,Full match,,,,,2342133.475,920654.1885,1587300.616,1235671.062,2019543.351,1942138.222,780884.0516
Com_227_pos,3-Methylindole,C9 H9 N,131.07349,6.323,132.08086,No results,No results,Full match,Organoheterocyclic compounds,Indoles and derivatives,Indoles,3-methylindoles,5275843.115,4707229.559,9471852.938,11239931.95,15817043,4840893.823,6931815.74
Com_228_pos,"3,4-Dihydroxyphenylpropionic acid",C9 H10 O4,164.05047,10.378,165.05742,No results,Invalid mass,No results,Phenylpropanoids and polyketides,Phenylpropanoic acids,Not available,Phenylpropanoic acids,3179645.362,2982474.914,17254190.61,2909597.666,17053481.71,13412439.26,2300155.828
Com_229_pos,5¦Á-Tetrahydrocortisol,C21 H34 O5,388.22761,10.172,389.23483,No results,Invalid mass,No results,Lipids and lipid-like molecules,Steroids and steroid derivatives,Hydroxysteroids,21-hydroxysteroids,1623481.441,1327261.911,1843181.66,1432233.368,2887025.264,1781905.069,1233657.915
Com_230_pos,Riboflavin,C17 H20 N4 O6,177.07699,5.37,178.08389,No results,Invalid mass,No results,Organoheterocyclic compounds,Pteridines and derivatives,Alloxazines and isoalloxazines,Flavins,4731220.122,2231638.01,2677347.351,1645497.128,14007813.34,8893282.899,1742567.201
Com_231_pos,Monocrotaline,C16 H23 N O6,325.15242,5.152,326.1597,Full match,No results,No results,Organoheterocyclic compounds,Pyrrolizines,Not available,Pyrrolizines,4149715.763,9904936.423,11009065.35,5969750.485,12100346.47,7448348.865,4667562.933
Com_232_pos,"16-Heptadecyne-1,2,4-triol",C17 H32 O3,306.21857,7.594,307.22562,Invalid mass,Invalid mass,No results,Lipids and lipid-like molecules,Fatty Acyls,Fatty alcohols,Long-chain fatty alcohols,49836641.86,33870252.59,11098228,36806381.59,53352683.01,6541417.175,31075640.89
Com_233_pos,Anacardic acid,C22 H36 O3,326.28233,8.732,327.28915,No results,Invalid mass,No results,Benzenoids,Benzene and substituted derivatives,Benzoic acids and derivatives,Salicylic acids,3916903.96,2185142.569,6179069.587,3174044.966,5041038.003,5405272.652,2913532.241
Com_234_pos,(5-L-Glutamyl)-L-Amino Acid,C8 H14 N2 O5,218.09028,1.333,219.09731,No results,No results,Full match,Organic acids and derivatives,Carboxylic acids and derivatives,"Amino acids, peptides, and analogues",N-acyl-alpha amino acids,10364270.51,7130479.395,8242967.263,5839626.972,6012719.733,2525009.909,5686500.837
Com_235_pos,2-Methylbutyroylcarnitine,C12 H23 N O4,245.1625,5.865,246.16939,No results,No results,Full match,Lipids and lipid-like molecules,Fatty Acyls,Fatty acid esters,Acyl carnitines,5026662.416,5406739.246,9129393.01,2941369.61,5879820.553,3983593.02,2665909.475
Com_236_pos,Lipoic acid,C8 H14 O2 S2,206.04372,1.248,207.05099,No results,No results,Full match,Organoheterocyclic compounds,Dithiolanes,Lipoic acids and derivatives,Lipoic acids and derivatives,4113029.798,2809609.455,3023204.033,3601339.049,4178741.543,7525995.831,3112248.551
Com_237_pos,L-Tryptophan,C11 H12 N2 O2,204.0897,1.352,205.09688,No results,No results,Full match,Organoheterocyclic compounds,Indoles and derivatives,Indolyl carboxylic acids and derivatives,Indolyl carboxylic acids and derivatives,16359204.3,2959154.024,11086475.21,15867203.35,12188133.32,1337398.395,12986592.71
Com_238_pos,Deoxycytidine,C9 H13 N3 O4,227.09035,1.331,228.09715,No results,No results,Full match,"Nucleosides, nucleotides, and analogues",Pyrimidine nucleotides,Pyrimidine deoxyribonucleotides,Pyrimidine 2'-deoxyribonucleoside monophosphates,25234788.19,14440768.7,13124198.81,18717739.48,33079659.44,12021494.5,17536016.69
Com_239_pos,"6-benzyl-4-oxo-1,4-dihydropyridine-3-carboxamide",C13 H12 N2 O2,250.07099,6.429,251.07814,Invalid mass,No results,No results,,,,,213446.7795,228650.9183,212237.3695,221467.7753,215985.8499,6679789.539,219919.0363
Com_240_pos,PC (19:2/18:4),C45 H78 N O8 P,791.54193,10.515,792.54871,No results,Invalid mass,No results,Lipids and lipid-like molecules,Glycerophospholipids,Glycerophosphocholines,Phosphocholines,756971.7839,163095.2762,322401.3576,153243.6653,156861.2699,233980.8531,2789510.003
Com_241_pos,Lysopa 16:0,C19 H39 O7 P,410.24504,9.35,411.25232,No results,No results,Full match,Lipids and lipid-like molecules,Glycerophospholipids,Glycerophosphates,1-acylglycerol-3-phosphates,3107839.547,2013521.329,1249523.898,1632950.552,7372796.71,1662471.472,1477588.955
Com_242_pos,"6,7,8-trimethoxy-2-(2-phenoxy-3-pyridyl)-4H-3,1-benzoxazin-4-one",C22 H18 N2 O6,211.04758,4.972,445.08438,Invalid mass,No results,No results,,,,,5795011.327,5163720.272,1905603.73,1290816.921,6812725.01,3013030.127,1866707.062
Com_243_pos,3-Methoxy prostaglandin F1¦Á,C21 H38 O6,368.25481,7.304,369.26208,No results,Invalid mass,No results,Lipids and lipid-like molecules,Fatty Acyls,Eicosanoids,Prostaglandins and related compounds,8394057.639,724959.0099,2846392.899,872690.8928,2893083.13,23283632.5,715545.2929
Com_244_pos,Bilirubin,C33 H36 N4 O6,567.23679,5.814,568.24365,Invalid mass,Invalid mass,No results,Organoheterocyclic compounds,Tetrapyrroles and derivatives,Bilirubins,Bilirubins,1448860678,1386276828,1241017473,368542175.9,2352700223,269708327.3,1667310256
Com_245_pos,5-Hydroxyindole-3-acetic acid,C10 H9 N O3,191.05823,4.701,192.06569,Full match,Not the top hit,Full match,Organoheterocyclic compounds,Indoles and derivatives,Indolyl carboxylic acids and derivatives,Indole-3-acetic acid derivatives,356681363.6,430459002.2,622007093.3,713273261.8,786250930.9,324074980.1,346835200.3
Com_246_pos,LPE 18:0,C23 H48 N O7 P,481.31676,9.943,482.32397,No results,Full match,Full match,Lipids and lipid-like molecules,Glycerophospholipids,Glycerophosphoethanolamines,1-acyl-sn-glycero-3-phosphoethanolamines,336921819.6,336088171.6,241414182.9,253576035.1,248430589.1,121772378.5,284495746.5
Com_247_pos,Sebacic acid,C10 H18 O4,202.12057,6.011,203.12823,No results,No results,Full match,Lipids and lipid-like molecules,Fatty Acyls,Fatty acids and conjugates,Medium-chain fatty acids,123509020.7,129407819.7,98096744.78,144640534.8,105160039.2,72339364.39,168766279
Com_248_pos,dUMP,C9 H13 N2 O8 P,308.04202,1.913,155.02831,No results,No results,Full match,"Nucleosides, nucleotides, and analogues",Pyrimidine nucleotides,Pyrimidine deoxyribonucleotides,Pyrimidine 2'-deoxyribonucleoside monophosphates,152043980.1,138965920.7,184252461.9,227434459.9,169064313.1,118689883.4,188766940.4
Com_249_pos,Capryloylglycine,C10 H19 N O3,201.13652,5.562,202.14388,Full match,No results,No results,Organic acids and derivatives,Carboxylic acids and derivatives,"Amino acids, peptides, and analogues",N-acyl-alpha amino acids,53350996.86,42616979.33,171603587.9,22458099.48,39708494.06,28141700.03,32927385.61
Com_250_pos,N-Formylkynurenine,C11 H12 N2 O4,236.07925,4.886,237.08667,No results,No results,Full match,Organic oxygen compounds,Organooxygen compounds,Carbonyl compounds,Alkyl-phenylketones,46146079.15,54895254.89,4908934.773,68319026.14,191104830.1,12961246.44,214456972.9
Com_251_pos,Androsterone,C19 H30 O2,307.25066,8.826,308.2579,Invalid mass,Invalid mass,No results,Lipids and lipid-like molecules,Steroids and steroid derivatives,Androstane steroids,Androgens and derivatives,8443814.728,5992894.697,7133418.764,4825852.422,39720738.54,366383471.5,5414778.444
Com_252_pos,Gly-Phe,C11 H14 N2 O3,222.10032,5.17,223.10736,No results,No results,Full match,Organic acids and derivatives,Carboxylic acids and derivatives,"Amino acids, peptides, and analogues",Peptides,9611016.212,11340928.37,15511462.18,12612266.3,16629277.31,3796988.525,9264776.292
Com_253_pos,(R)-3-Hydroxy myristic acid,C14 H28 O3,261.23035,5.596,262.23782,Invalid mass,No results,No results,Lipids and lipid-like molecules,Fatty Acyls,Fatty acids and conjugates,Long-chain fatty acids,11438586.36,9539962.326,7529835.342,5468239.612,7601871.818,6806386.739,7478457.958
Com_254_pos,Methyldopa,C10 H13 N O4,211.0844,5.736,212.09169,No results,No results,Full match,Phenylpropanoids and polyketides,Phenylpropanoic acids,Not available,Phenylpropanoic acids,61443824.88,58333250.08,12220902.62,49728928.91,33086208.46,13807343.7,60046409.29
Com_255_pos,LPC 16:2,C24 H46 N O7 P,491.30124,8.112,492.30896,No results,Full match,Full match,Lipids and lipid-like molecules,Glycerophospholipids,Glycerophosphocholines,Phosphocholines,87964297.73,42541960.99,118902598.7,46239149.39,22506506.44,67620469.6,32794828.98
Com_256_pos,Pregnenolone,C21 H32 O2,316.23973,7.192,317.24701,No results,No results,Full match,Lipids and lipid-like molecules,Steroids and steroid derivatives,Pregnane steroids,"Gluco/mineralocorticoids, progestogins and derivatives",8297935.685,7354795.973,9049477.11,9393179.729,5336243.618,4629208.308,8507210.499
Com_257_pos,N-Oleoyl Glycine,C20 H37 N O3,339.27685,9.583,340.2847,No results,No results,Full match,Organic acids and derivatives,Carboxylic acids and derivatives,"Amino acids, peptides, and analogues",N-acyl-alpha amino acids,23260170.35,15670331.63,10401674.11,9339408.14,5600476.696,15736600.05,12078521.06
Com_258_pos,LPC 15:1,C23 H46 N O7 P,479.3012,8.218,480.30872,No results,Full match,Full match,Lipids and lipid-like molecules,Glycerophospholipids,Glycerophosphocholines,Phosphocholines,21445567.48,17550071.28,13687600.65,12411195.55,5847061.764,12942862.4,9228282.04
Com_259_pos,LPC 18:4,C26 H46 N O7 P,515.30123,7.945,516.30768,No results,Full match,No results,Lipids and lipid-like molecules,Glycerophospholipids,Glycerophosphocholines,Phosphocholines,21046101.72,21490974.75,20267814.29,19289358.1,14424755.8,11242544.86,14206752.92
Com_260_pos,Sodium cholate,C24 H39 Na O5,430.26921,7.575,431.27649,No results,No results,Full match,Lipids and lipid-like molecules,Steroids and steroid derivatives,"Bile acids, alcohols and derivatives","Trihydroxy bile acids, alcohols and derivatives",3213080.888,2345293.968,1177083.095,1631863.461,4964474.875,1587119.912,2051136.44
Com_261_pos,MAG (18:2),C21 H38 O4,354.2768,9.551,355.2843,No results,No results,Full match,Lipids and lipid-like molecules,Fatty Acyls,Lineolic acids and derivatives,Lineolic acids and derivatives,8347208.06,6062582.752,6773190.486,5014984.731,10218433.91,4695277.987,3502223.655
Com_262_pos,"4-Pregnen-17alpha,20alpha-Diol-3-One",C21 H32 O3,332.23457,8.482,333.24146,No results,No results,Full match,,,,,10581623.49,4133860.023,14243729.92,6143850.979,13868428.32,6722461.969,4058631.58
