Compound_ID,Name,Formula,Molecular Weight,RT [min],m/z,mzCloud_Results,mzVault_Results,MassList_Results,Class_I,Class_II,Class_III,Class_IV,neg_XY_5,neg_XY_4,neg_XY_6,neg_XY_3,neg_XY_1,neg_XY_7,neg_XY_2
Com_1_neg,D-(-)-Fructose,C6 H12 O6,180.06303,1.324,179.05537,Full match,Full match,Full match,Organic oxygen compounds,Organooxygen compounds,Carbohydrates and carbohydrate conjugates,C-glycosyl compounds,185324347.1,194609525.2,336169897.7,312876454.1,219622723.3,290383955.1,236848030.4
Com_2_neg,Stearic acid,C18 H36 O2,284.27169,11.037,283.26453,Full match,Full match,Full match,Lipids and lipid-like molecules,Fatty Acyls,Fatty acids and conjugates,Long-chain fatty acids,13285377560,7313748474,5005872280,3827080267,11020908764,3565549896,7691495066
Com_3_neg,Dodecanedioic acid,C12 H22 O4,230.1516,6.441,229.14429,Full match,Full match,No results,Lipids and lipid-like molecules,Fatty Acyls,Fatty acids and conjugates,Medium-chain fatty acids,612403571.5,564990046.2,342898607.6,471893166.7,549039394.4,338983672.4,442751223.4
Com_4_neg,(¡À)12(13)-DiHOME,C18 H34 O4,314.24607,8.394,313.2388,Full match,Full match,Full match,,,,,742285727.9,647900572.5,292022909,206748317.7,1033706709,163345436.3,372467760.3
Com_5_neg,3-Indoxyl sulphate,C8 H7 N O4 S,213.00889,5.396,212.00157,Full match,Full match,Full match,Organic acids and derivatives,Organic sulfuric acids and derivatives,Arylsulfates,Arylsulfates,468938713.1,895631215.5,416592265.3,730290564.5,648774203.2,454495236.5,803325079.9
Com_6_neg,Dihydroroseoside,C19 H32 O8,388.21033,5.926,387.20361,Full match,Full match,No results,Lipids and lipid-like molecules,Fatty Acyls,Fatty acyl glycosides,Fatty acyl glycosides of mono- and disaccharides,37489568,33471776.6,18090403.55,25042704.89,6327172.229,19851613.36,32630771.95
Com_7_neg,Cholic acid,C24 H40 O5,408.28783,7.181,407.28027,Full match,Full match,Full match,Lipids and lipid-like molecules,Steroids and steroid derivatives,"Bile acids, alcohols and derivatives","Trihydroxy bile acids, alcohols and derivatives",8058639492,3918338051,2427503058,1316421441,21205367806,19454962494,431581943.9
Com_8_neg,Glycocholic acid,C26 H43 N O6,465.30928,6.764,464.30179,Full match,Full match,Full match,Lipids and lipid-like molecules,Steroids and steroid derivatives,"Bile acids, alcohols and derivatives",Glycinated bile acids and derivatives,14614128917,13477488843,11193600857,7722054377,9479811840,14637590830,10698578778
Com_9_neg,Glycoursodeoxycholic acid,C26 H43 N O5,449.31478,7.208,448.30743,Full match,Full match,Full match,Lipids and lipid-like molecules,Steroids and steroid derivatives,"Bile acids, alcohols and derivatives",Glycinated bile acids and derivatives,1525101797,1188265022,3642860957,1473007939,5726990540,4869126305,2170164681
Com_10_neg,Arachidonic acid,C20 H32 O2,304.24049,9.753,303.23328,Full match,Full match,Full match,Lipids and lipid-like molecules,Fatty Acyls,Fatty acids and conjugates,Long-chain fatty acids,545737137.8,541779483.1,924159579.5,328456289.6,552219064.8,435664462.1,530743754.5
Com_11_neg,Deoxycholic acid,C24 H40 O4,392.29319,7.931,391.28622,Full match,Full match,Full match,Lipids and lipid-like molecules,Steroids and steroid derivatives,"Bile acids, alcohols and derivatives","Dihydroxy bile acids, alcohols and derivatives",154459891.8,59560091.47,128404581.3,40331512.47,2459427454,1133743672,21608354.25
Com_12_neg,Elaidic acid,C18 H34 O2,282.25604,10.408,281.24875,Full match,No results,No results,Lipids and lipid-like molecules,Fatty Acyls,Fatty acids and conjugates,Long-chain fatty acids,17614688037,10329091779,10220814353,5528026314,16838689992,4775891314,11896679661
Com_13_neg,LPC 18:1,C26 H52 N O7 P,567.35418,9.434,566.34705,No results,Invalid mass,No results,Lipids and lipid-like molecules,Glycerophospholipids,Glycerophosphocholines,Phosphocholines,7073612943,7389680616,5651466748,8772674205,6643098193,3719340547,6029355243
Com_14_neg,LPC 18:2,C26 H50 N O7 P,565.33903,8.872,564.3316,No results,Invalid mass,No results,Lipids and lipid-like molecules,Glycerophospholipids,Glycerophosphocholines,Phosphocholines,11211339119,12618896894,7878337878,11088004903,8012250268,7110857087,9398698324
Com_15_neg,LPC 18:0,C26 H54 N O7 P,569.37016,10.06,568.36273,No results,Invalid mass,No results,Lipids and lipid-like molecules,Glycerophospholipids,Glycerophosphocholines,Phosphocholines,1782295028,1977860591,1987968301,1826047768,1191338181,1346996262,928588538.6
Com_16_neg,methadone-d9,C21 H18 [2]H9 N O,317.95513,1.22,316.94794,Invalid mass,No results,No results,,,,,1239088758,1346878515,1999998884,1757483188,1708556181,855011305.9,1717541136
Com_17_neg,LPC 16:0,C24 H50 N O7 P,541.33834,8.993,540.33087,No results,Invalid mass,No results,Lipids and lipid-like molecules,Glycerophospholipids,Glycerophosphocholines,Phosphocholines,8038102996,8785925704,10649138308,8285309179,7067285771,7313371426,6196501172
Com_18_neg,Lysopc 17:0,C25 H52 N O7 P,509.34931,10.058,508.3421,No results,No results,Full match,Lipids and lipid-like molecules,Glycerophospholipids,Glycerophosphocholines,1-acyl-sn-glycero-3-phosphocholines,1541927411,1616056710,1723952360,1564166335,1077011765,1416063322,1106547928
Com_19_neg,"3-(methylsulfanyl)-5H-[1,2,4]triazino[5,6-b]indole",C10 H8 N4 S,216.04538,6.864,215.03796,Invalid mass,No results,No results,,,,,2378714977,1328279755,248625178.4,2744279977,3258336879,896168131.7,2402155721
Com_20_neg,LPC 20:4,C28 H50 N O7 P,589.34022,8.805,588.33313,No results,Invalid mass,No results,Lipids and lipid-like molecules,Glycerophospholipids,Glycerophosphocholines,Phosphocholines,1491618624,1717583755,2714093687,1779120963,1890308448,1719896291,1498933285
Com_21_neg,Prostaglandin D2,C20 H32 O5,334.21485,7.301,333.20752,Invalid mass,No results,No match,Lipids and lipid-like molecules,Fatty Acyls,Eicosanoids,Prostaglandins and related compounds,31184122.73,12367676.39,823517299,26554385.37,301027179.9,92728463.59,16751897.83
Com_22_neg,(¡À)11(12)-EET,C20 H32 O3,320.23531,8.028,319.228,Full match,Partial match,Full match,,,,,30538946.39,34649576.59,55558903.57,7165945.045,22149214.08,20882954.96,23253655.51
Com_23_neg,LPC 16:1,C24 H48 N O7 P,539.32357,8.581,538.31622,No results,Invalid mass,No results,Lipids and lipid-like molecules,Glycerophospholipids,Glycerophosphocholines,Phosphocholines,1256006502,1462514785,1474960058,1342764273,912800356.6,524752480.6,1117278639
Com_24_neg,(+/-)9-HpODE,C18 H32 O4,312.2305,8,311.22305,Full match,No results,Full match,Lipids and lipid-like molecules,Fatty Acyls,Lineolic acids and derivatives,Lineolic acids and derivatives,702798447.6,572652179,231758213,232975888.1,1040998169,93281960.05,317268187.8
Com_25_neg,SM (d14:1/20:0),C39 H79 N2 O6 P,748.57675,9.593,747.56995,No results,Invalid mass,No results,Lipids and lipid-like molecules,Sphingolipids,Phosphosphingolipids,Phosphosphingolipids,2675632671,2105742373,751279774.5,3154662120,1960701582,1271662589,2225544575
Com_26_neg,Arachidic acid,C20 H40 O2,312.30323,11.249,311.29568,Full match,No results,Full match,Lipids and lipid-like molecules,Fatty Acyls,Fatty acids and conjugates,Long-chain fatty acids,76295708.76,86284785.06,85814992.89,104024801.8,109565393.3,73902131.13,268103142.7
Com_27_neg,"20-Hydroxy-(5Z,8Z,11Z,14Z)-eicosatetraenoic acid",C20 H32 O3,320.2354,7.014,319.22849,Full match,No results,Full match,Lipids and lipid-like molecules,Fatty Acyls,Fatty acids and conjugates,Long-chain fatty acids,775029651.1,271761716.1,336282363.4,526528417.5,866966022.5,469573132.2,468090189.8
Com_28_neg,4-Methylphenol,C7 H8 O,108.05639,5.779,107.04913,Invalid mass,No results,No results,Benzenoids,Phenols,Cresols,Para cresols,649061511.4,856364794.9,716956942.7,1607583876,919771833.5,569774420.5,1207668205
Com_29_neg,2-Isopropylmalic acid,C7 H12 O5,176.06754,1.34,175.06027,Invalid mass,Invalid mass,No results,Lipids and lipid-like molecules,Fatty Acyls,Fatty acids and conjugates,Hydroxy fatty acids,4619648.068,3596072.993,35305888.49,4874373.403,4923163.23,56724529.85,5438630.813
Com_30_neg,4-Ethylphenol,C8 H10 O,122.07203,5.608,121.06476,Invalid mass,Invalid mass,No results,Benzenoids,Phenols,1-hydroxy-2-unsubstituted benzenoids,1-hydroxy-2-unsubstituted benzenoids,108793000.6,153014876.5,58550553.31,217978359.4,119570057.1,66705456.56,167909334.9
Com_31_neg,SM (d14:1/19:0),C38 H77 N2 O6 P,734.55988,11.733,733.55273,No results,Invalid mass,No results,Lipids and lipid-like molecules,Sphingolipids,Phosphosphingolipids,Phosphosphingolipids,542700714,593039883.2,743554926.6,391484538.5,347557475.6,260394218.8,457239743
Com_32_neg,LPC 17:1,C25 H50 N O7 P,553.33839,8.997,552.3316,No results,Invalid mass,No results,Lipids and lipid-like molecules,Glycerophospholipids,Glycerophosphocholines,Phosphocholines,681462303.2,735602151.5,617208669.8,698973080.7,512274635.7,401367604.4,569866085.6
Com_33_neg,LPC 17:0,C25 H52 N O7 P,555.35499,9.524,554.34802,No results,Invalid mass,No results,Lipids and lipid-like molecules,Glycerophospholipids,Glycerophosphocholines,Phosphocholines,115527608.9,116716580.8,102887474.4,137308526.9,108348899.8,94983909.05,99529067.06
Com_34_neg,LPC 22:5,C30 H52 N O7 P,615.35491,9.037,614.34863,No results,Invalid mass,No results,Lipids and lipid-like molecules,Glycerophospholipids,Glycerophosphocholines,Phosphocholines,674230238.4,716400668.4,1576980048,799238028.7,374470522.4,1047305767,563873253.5
Com_35_neg,LPC 20:3,C28 H52 N O7 P,591.3545,9.339,590.34747,No results,Invalid mass,No results,Lipids and lipid-like molecules,Glycerophospholipids,Glycerophosphocholines,Phosphocholines,695947835.5,798920187.2,846219194.2,956441827.7,517352618.4,639540566.2,666343442.6
Com_36_neg,Lysope 18:1,C23 H46 N O7 P,479.30141,8.581,478.29401,No results,No results,Full match,Lipids and lipid-like molecules,Glycerophospholipids,Glycerophosphoethanolamines,1-acyl-sn-glycero-3-phosphoethanolamines,337795828.8,368430723.6,230143792.8,337736432.7,231737307,130976196.1,202233816
Com_37_neg,Mestranol,C21 H26 O2,310.18106,10.267,309.17377,No results,Invalid mass,No results,Lipids and lipid-like molecules,Steroids and steroid derivatives,Estrane steroids,Estrane steroids,100571565,61244062.77,102085719.7,300469199.5,161541953,83798492.86,103578728.1
Com_38_neg,LPC 20:5,C28 H48 N O7 P,587.32313,8.335,586.31635,No results,Invalid mass,No results,Lipids and lipid-like molecules,Glycerophospholipids,Glycerophosphocholines,Phosphocholines,590657395.6,579429436,806338512.7,562004567.5,410193993,1017508947,532034207.1
Com_39_neg,1-[6-(benzyloxy)-3-(tert-butyl)-2-hydroxyphenyl]ethan-1-one,C19 H22 O3,298.15968,8.698,297.1524,Invalid mass,No results,No results,,,,,88746503.59,115648351.3,100288953,204281745,88838255.93,47867624.36,90875054.84
Com_40_neg,FAHFA (18:1/20:3),C38 H66 O4,586.49383,10.406,585.48651,No results,Full match,No results,Lipids and lipid-like molecules,Fatty Acyls,Fatty acids and conjugates,Fatty acids,342300696.8,186343967.7,192747499.2,113141719.1,211806082.5,95644512.6,199182666.1
Com_41_neg,3-Hydroxybutyric acid,C4 H8 O3,104.04631,2.831,103.03903,No results,Invalid mass,No results,Organic acids and derivatives,Hydroxy acids and derivatives,Beta hydroxy acids and derivatives,Beta hydroxy acids and derivatives,956321479.4,698929268.5,363857660,404182455.1,773474921.2,159526613,600520734.1
Com_42_neg,DL-4-Hydroxyphenyllactic acid,C9 H10 O4,136.05139,5.226,135.04395,No results,Invalid mass,No results,Phenylpropanoids and polyketides,Phenylpropanoic acids,Not available,Phenylpropanoic acids,390254134.6,485716628.1,363516667.3,317262349.5,284183321.9,210832318.7,444163606.4
Com_43_neg,FAHFA (18:0/20:2),C38 H70 O4,590.52543,11.046,589.51837,No results,Full match,No results,Lipids and lipid-like molecules,Fatty Acyls,Fatty acids and conjugates,Fatty acids,250806446.2,174117875.7,127062631,123685268.3,206870924.9,95047724.71,176227566.3
Com_44_neg,Lysopc 14:0,C22 H46 N O7 P,467.30121,8.774,466.2941,No results,No results,Full match,Lipids and lipid-like molecules,Glycerophospholipids,Glycerophosphocholines,1-acyl-sn-glycero-3-phosphocholines,222946926.4,164641791.7,195238957.5,168416098.3,92558454.32,161795533.8,120832101
Com_45_neg,10-Hydroxydecanoic acid,C10 H20 O3,142.13521,6.886,141.12747,No results,Invalid mass,No results,Organic acids and derivatives,Hydroxy acids and derivatives,Medium-chain hydroxy acids and derivatives,Medium-chain hydroxy acids and derivatives,144665956.7,554967452.7,35530430.48,130552814.2,120301500.7,20377316.11,690277137.9
Com_46_neg,Glycolithocholic acid,C26 H43 N O4,433.31949,7.892,432.3125,No results,No results,Full match,Lipids and lipid-like molecules,Steroids and steroid derivatives,"Bile acids, alcohols and derivatives",Glycinated bile acids and derivatives,76092960.43,84722627.43,143074316.1,76689690.33,206642051.4,155586309.7,88180527.99
Com_47_neg,Hexanoylglycine,C8 H15 N O3,173.10436,5.669,172.09712,No results,Full match,Full match,Organic acids and derivatives,Carboxylic acids and derivatives,"Amino acids, peptides, and analogues",N-acyl-alpha amino acids,296520678.3,302405934.7,107450245.5,160477948.2,148760029.9,246062876.6,190950519
Com_48_neg,SM (d14:2/20:0),C39 H77 N2 O6 P,746.55925,11.289,745.55176,No results,Invalid mass,No results,Lipids and lipid-like molecules,Sphingolipids,Phosphosphingolipids,Phosphosphingolipids,243122821.8,201735257,121190284.9,145918727.5,100728396.7,140077768.2,222167868.8
Com_49_neg,Myristic Acid,C14 H28 O2,228.20865,9.333,227.20142,Full match,No results,Full match,Lipids and lipid-like molecules,Fatty Acyls,Fatty acids and conjugates,Long-chain fatty acids,48015316.32,64356554.76,84215431.03,90075985.79,96256293.96,31297935.42,148953410.5
Com_50_neg,FAHFA (16:0/18:2),C34 H62 O4,534.46228,10.202,533.4549,No results,Full match,No results,Lipids and lipid-like molecules,Fatty Acyls,Fatty acids and conjugates,Fatty acids,109084413.9,75386131.66,73784742.17,44071694.65,73257270.4,42251763.66,84405702.66
Com_51_neg,DL-Citrulline,C6 H13 N3 O3,175.09482,1.329,174.08743,No results,No results,Full match,Organic acids and derivatives,Carboxylic acids and derivatives,"Amino acids, peptides, and analogues",Alpha amino acids,70148689.86,54229579.1,29516761.2,73237480.69,42018425.91,24865310.69,69809505.86
Com_52_neg,"1,4-Cyclohexanedicarboxylic acid",C8 H12 O4,172.07272,5.56,171.06528,No results,Full match,Full match,Organic acids and derivatives,Carboxylic acids and derivatives,Dicarboxylic acids and derivatives,Dicarboxylic acids and derivatives,54914980.9,70556117.05,7862498.242,77074857.72,19829191.89,5912303.757,88554876.76
Com_53_neg,"2-{2-[2,5-di(methoxycarbonyl)anilino]-2-oxoethoxy}acetic acid",C14 H15 N O8,325.07965,5.178,324.07266,Full match,No results,No results,,,,,115801256.1,177633962.6,142238492.1,223441234,153592007.7,189859661.3,236431308
Com_54_neg,Jasmonic acid,C12 H18 O3,210.12502,6.433,209.11783,No results,Full match,No results,Lipids and lipid-like molecules,Fatty Acyls,Lineolic acids and derivatives,Jasmonic acids,44401835.31,73237373.56,46357641.68,56365941.82,66573253.26,67969812.66,36147912.23
Com_55_neg,N-Isobutyrylglycine,C6 H11 N O3,145.07289,4.881,144.06558,No results,Invalid mass,No results,Organic acids and derivatives,Carboxylic acids and derivatives,"Amino acids, peptides, and analogues",N-acyl-alpha amino acids,127636411.6,185931777.5,262961473,95779053.49,205672714.8,131480160.5,183076087.2
Com_56_neg,LPC 20:2,C28 H54 N O7 P,593.36967,9.72,592.36267,No results,Invalid mass,No results,Lipids and lipid-like molecules,Glycerophospholipids,Glycerophosphocholines,Phosphocholines,135982414.8,203884894.4,101673250.6,192949271.4,68895934.84,56678702.46,98515963.49
Com_57_neg,DL-m-Tyrosine,C9 H11 N O3,181.07333,2.274,180.06601,No results,No results,Full match,Organic acids and derivatives,Carboxylic acids and derivatives,"Amino acids, peptides, and analogues",Phenylalanine and derivatives,3096506.136,3496546.233,413678.1979,3241065.445,2387776.175,2576401.453,2890152.617
Com_58_neg,2-Hydroxyhippuric acid,C9 H9 N O4,195.0524,5.136,194.04507,No results,Full match,No results,Benzenoids,Benzene and substituted derivatives,Benzoic acids and derivatives,Hippuric acids,79644893.71,101675736.8,63539699.1,101988122.5,88631965.65,71716934.11,119194510.2
Com_59_neg,Taurochenodeoxycholic Acid (sodium salt),C26 H45 N O6 S,499.29699,11.94,498.29013,Full match,Partial match,Full match,,,,,13831801.65,10266164.83,7636848.628,13149127.01,8225813.291,5229480.079,6899380.142
Com_60_neg,FAHFA (14:0/6:0),C20 H38 O4,342.27685,7.72,341.26968,No results,Full match,No results,Lipids and lipid-like molecules,Fatty Acyls,Fatty acids and conjugates,Fatty acids,71064413.77,26054170.86,118553047.7,47916666.04,242966142.7,115312168,23627606.98
Com_61_neg,Pentadecanoic Acid,C15 H30 O2,242.22435,9.655,241.21719,Full match,No results,Full match,Lipids and lipid-like molecules,Fatty Acyls,Fatty acids and conjugates,Long-chain fatty acids,75510986.86,55275687.99,52509342.06,33039674.68,67346870.93,38615329.13,61708691.1
Com_62_neg,Linoleic Acid,C18 H32 O2,280.23991,8.872,279.23276,Full match,No results,Full match,Lipids and lipid-like molecules,Fatty Acyls,Lineolic acids and derivatives,Lineolic acids and derivatives,629332503.3,488027209.3,323626349.8,229712640.3,347658278.6,300467547.4,458452218.4
Com_63_neg,LPC 20:0,C28 H58 N O7 P,597.40114,10.264,596.39417,No results,Invalid mass,No results,Lipids and lipid-like molecules,Glycerophospholipids,Glycerophosphocholines,Phosphocholines,36889997.31,36223283.2,33395494.58,32272577.22,19979445.52,26496225.3,16980287.86
Com_64_neg,2-Hydroxycaproic acid,C6 H12 O3,132.07753,5.688,131.07028,No results,Invalid mass,No results,Lipids and lipid-like molecules,Fatty Acyls,Fatty acids and conjugates,Medium-chain fatty acids,172195679.4,134156849.7,130989193.3,137502162.1,81998995.41,95833270.88,160150272.7
Com_65_neg,3-Methyladipic acid,C7 H12 O4,160.07266,5.475,159.06546,No results,Invalid mass,No results,Lipids and lipid-like molecules,Fatty Acyls,Fatty acids and conjugates,Medium-chain fatty acids,100298983.6,82998219.37,59671924.64,99529863.22,110850802.3,75636442.51,94134834.28
Com_66_neg,(¡À)8(9)-DiHET,C20 H34 O4,338.24348,10.618,337.23636,Invalid mass,No results,No results,,,,,164361533.6,97112036.04,68290334.13,47067250.43,115011755.1,41100063.61,89798097.94
Com_67_neg,(¡À)13-HODE,C18 H32 O3,296.23495,7.93,295.22784,Full match,No results,Full match,,,,,76538323.26,78786246.51,52809748.59,99263104.15,216282208.9,26893547.38,175640730.6
Com_68_neg,Prostaglandin A1,C20 H32 O4,318.2194,7.078,317.2121,Invalid mass,Invalid mass,No results,Lipids and lipid-like molecules,Fatty Acyls,Eicosanoids,Prostaglandins and related compounds,9249208.632,2186978.746,982821.2856,1898148.664,5446790.196,23665345.2,1729899.162
Com_69_neg,Salicylic acid,C7 H6 O3,138.03072,5.484,137.02344,No results,Invalid mass,No results,Benzenoids,Benzene and substituted derivatives,Benzoic acids and derivatives,Salicylic acids,57769877.69,88637115.78,20141086.53,55179705.14,42628469.82,58649877.3,62356467.24
Com_70_neg,Citric acid,C6 H8 O7,192.02631,1.339,191.01915,No results,Full match,Full match,Organic acids and derivatives,Carboxylic acids and derivatives,Tricarboxylic acids and derivatives,Tricarboxylic acids and derivatives,129542046.7,82404132.09,149588787.3,124378602.9,179829465.9,1934582505,86712189.71
Com_71_neg,(¡À)11-HETE,C20 H32 O3,320.23524,7.278,319.228,Full match,No results,Full match,,,,,669732066.4,49379884.99,59437570,110590193.6,138612189.1,73200654.66,55598333.66
Com_72_neg,11-Ketoetiocholanolone,C19 H28 O3,304.20375,6.965,303.19653,No results,No results,Full match,Lipids and lipid-like molecules,Steroids and steroid derivatives,Androstane steroids,Androgens and derivatives,11321748.43,12252290.71,37781943.73,13518472.13,12371406.5,6865061.559,14047254.11
Com_73_neg,SM (d14:2/21:0),C40 H79 N2 O6 P,760.5745,8.747,759.56757,No results,Invalid mass,No results,Lipids and lipid-like molecules,Sphingolipids,Phosphosphingolipids,Phosphosphingolipids,13155963.96,7450463.1,11757158.54,12729740.06,3781665.562,5044834.565,4793881.739
Com_74_neg,Biopterin,C9 H11 N5 O3,237.08535,7.496,236.07802,No results,No results,Full match,Organoheterocyclic compounds,Pteridines and derivatives,Pterins and derivatives,Biopterins and derivatives,10906027.57,12889184.73,23738564.06,9859272.848,19772699.97,11421924.23,17515030.22
Com_75_neg,Pseudouridine,C9 H12 N2 O6,244.06901,1.339,243.06209,No results,Full match,Full match,"Nucleosides, nucleotides, and analogues",Nucleoside and nucleotide analogues,Not available,Nucleoside and nucleotide analogues,28951711.86,23791789.49,45306745.7,41698893.35,29177783.88,15765805.84,35899424.49
Com_76_neg,11(E)-Eicosenoic Acid,C20 H38 O2,310.28737,11.225,309.28015,Full match,No results,Full match,Lipids and lipid-like molecules,Fatty Acyls,Fatty acids and conjugates,Long-chain fatty acids,18109085.23,10851723.54,14141138.5,5048544.214,11103419.34,4051722.331,7053556.184
Com_77_neg,Glycodeoxycholic Acid (hydrate),C26 H43 N O5,449.31406,6.684,448.30688,Full match,Partial match,Full match,,,,,17907986.43,16504830.26,15841689.07,7945500.543,24530672.97,15391841.96,5982205.566
Com_78_neg,Arginine,C6 H14 N4 O2,174.1108,1.289,173.10362,No results,Invalid mass,No results,Organic acids and derivatives,Carboxylic acids and derivatives,"Amino acids, peptides, and analogues",L-alpha-amino acids,22116302.8,30662868.35,22861763.1,16096958.75,16094006.01,11719704.7,18568930.27
Com_79_neg,N1-[4-(cyanomethyl)phenyl]-4-chlorobenzamide,C15 H11 Cl N2 O,270.05605,7.923,269.04892,Full match,No results,No results,,,,,19026519.34,19562028.19,284490106.6,18996426.36,280102487.6,147551990.1,17739932.49
Com_80_neg,"3,8,9-trihydroxy-10-propyl-3,4,5,8,9,10-hexahydro-2H-oxecin-2-one",C12 H20 O5,198.12535,5.81,243.12361,Invalid mass,No results,No results,,,,,669299.7631,738457.1662,1105351.898,556845.6128,725359.1675,727258.0642,729725.3941
Com_81_neg,(¡À)9(10)-DiHOME,C18 H34 O4,296.2349,7.802,295.2276,Invalid mass,Invalid mass,No match,,,,,21875016,15561770.05,14509532.83,7999673.288,34152306.56,8752078.768,10630553.98
Com_82_neg,LPC 19:2,C27 H52 N O7 P,579.3538,9.308,578.34668,No results,Invalid mass,No results,Lipids and lipid-like molecules,Glycerophospholipids,Glycerophosphocholines,Phosphocholines,28755816.27,31336040.13,19434905.73,37490580.44,23749706.98,16036532.14,22083113.89
Com_83_neg,"2,3-dinor Prostaglandin E1",C18 H30 O5,308.19655,7.617,307.18921,Invalid mass,No results,No results,Lipids and lipid-like molecules,Fatty Acyls,Eicosanoids,Prostaglandins and related compounds,31130732.96,53635702.5,14926244.95,13390725.68,68358369.4,11834959.17,23935925.2
Com_84_neg,LPC 19:0,C27 H56 N O7 P,583.38518,10.478,582.3783,No results,Invalid mass,No results,Lipids and lipid-like molecules,Glycerophospholipids,Glycerophosphocholines,Phosphocholines,55107430.66,63110728.84,64276020.04,63874685.85,28738465.55,72539362.29,27852872.31
Com_85_neg,FAHFA (18:2/20:4),C38 H62 O4,582.4624,9.846,581.45508,No results,Full match,No results,Lipids and lipid-like molecules,Fatty Acyls,Fatty acids and conjugates,Fatty acids,44601654.89,32360845.84,29779507.7,12248261.88,23686191.38,13691182.57,30452089.56
Com_86_neg,SM (d14:1/18:0),C37 H75 N2 O6 P,720.54298,10.966,719.53564,No results,Invalid mass,No results,Lipids and lipid-like molecules,Sphingolipids,Phosphosphingolipids,Phosphosphingolipids,316157171,357409251.5,332979932,415326093.8,215498505.6,196256595.9,297287296.2
Com_87_neg,LPC 22:4,C30 H54 N O7 P,617.36966,9.313,616.36218,No results,Invalid mass,No results,Lipids and lipid-like molecules,Glycerophospholipids,Glycerophosphocholines,Phosphocholines,33545993.45,44560891.66,31586493.64,54734393.91,24684558.16,17705093.54,27801367.28
Com_88_neg,Cystine,C6 H12 N2 O4 S2,240.02356,1.354,239.01628,No results,No results,Full match,Organic acids and derivatives,Carboxylic acids and derivatives,"Amino acids, peptides, and analogues",L-cysteine-S-conjugates,5205696.18,4142937.893,5173244.1,6056269.638,5095128.704,3135030.941,6143161.766
Com_89_neg,LPC 20:1,C28 H56 N O7 P,595.3853,10.267,594.37817,No results,Invalid mass,No results,Lipids and lipid-like molecules,Glycerophospholipids,Glycerophosphocholines,Phosphocholines,10172116.86,10962132.53,8998564.747,11387441.75,9265989.246,5595440.531,7519819.268
Com_90_neg,2-methyl-N-[4-(4-methylpiperazino)benzyl]benzenesulfonamide,C19 H25 N3 O2 S,359.16876,10.207,358.16132,Invalid mass,No results,No results,,,,,4207864.757,4968054.738,4961290.072,6695110.907,5651561.751,2657281.036,7048922.951
Com_91_neg,"5-(2-chloro-6-methylphenoxy)-1,3-dimethyl-4-nitro-1H-pyrazole",C12 H12 Cl N3 O3,281.05659,5.227,280.04916,Full match,No results,No results,,,,,58614943.36,133691442.9,29870166.28,133885659,99133577.15,11718192.46,103875974
Com_92_neg,Delta-Tridecalactone,C13 H24 O2,212.17699,8.356,211.16988,No results,No results,Full match,Organoheterocyclic compounds,Lactones,Delta valerolactones,Delta valerolactones,5019069.514,5320290.202,8263590.556,4901948.657,17593459.54,7127061.416,7042661.091
Com_93_neg,LPC 22:3,C30 H56 N O7 P,619.38522,10.033,618.3783,No results,Invalid mass,No results,Lipids and lipid-like molecules,Glycerophospholipids,Glycerophosphocholines,Phosphocholines,5319856.311,9583864.268,3911031.148,14154076.37,18356764.43,3933920.062,7860008.505
Com_94_neg,trans-10-Heptadecenoic Acid,C17 H32 O2,268.24014,7.879,267.23285,Full match,No results,No results,Lipids and lipid-like molecules,Fatty Acyls,Fatty acids and conjugates,Long-chain fatty acids,237181102.4,166110392.1,179718716.9,90102927.96,261683737.7,80335697.18,200756692.9
Com_95_neg,2'-Deoxyuridine,C9 H12 N2 O5,228.07825,6.582,227.07091,No results,Invalid mass,No results,"Nucleosides, nucleotides, and analogues",Pyrimidine nucleosides,Pyrimidine 2'-deoxyribonucleosides,Pyrimidine 2'-deoxyribonucleosides,23877944.62,26564648.28,15534321.35,27485937.54,18437517.1,15739304.86,22711993.13
Com_96_neg,D-Glucuronic acid,C6 H10 O7,194.04188,5.433,193.03456,No results,No results,Full match,"Nucleosides, nucleotides, and analogues",Pyrimidine nucleotides,Pyrimidine nucleotide sugars,Pyrimidine nucleotide sugars,8428363.195,47668324.86,40550427.45,29072864.58,17385446.02,15996978.34,41121990.73
Com_97_neg,trans-Petroselinic Acid,C18 H34 O2,328.26122,7.341,327.25381,Invalid mass,No results,No results,Lipids and lipid-like molecules,Fatty Acyls,Fatty acids and conjugates,Long-chain fatty acids,18123712.52,10804118.41,20813403.61,17512114.69,63294850.43,31344593.94,11346491.25
Com_98_neg,Royal jelly acid,C10 H18 O3,186.12477,6.597,185.11749,No results,No results,Full match,Organic acids and derivatives,Hydroxy acids and derivatives,Medium-chain hydroxy acids and derivatives,Medium-chain hydroxy acids and derivatives,18972204.01,63027510.76,8068820.416,16154450.2,9821285.356,6163680.382,74283190.89
Com_99_neg,2-Hydroxymyristic acid,C14 H28 O3,244.20347,8.503,243.19632,No results,Full match,No results,Lipids and lipid-like molecules,Fatty Acyls,Fatty acids and conjugates,Long-chain fatty acids,21894887.01,21365885.41,19731741.84,15656327.53,29566255.81,16649361.53,18207866.07
Com_100_neg,Tetrahydroaldosterone,C21 H32 O5,364.22482,6.416,363.21768,No results,No results,Full match,Organoheterocyclic compounds,Oxepanes,Not available,Oxepanes,791586.4926,1088443.595,15516098.61,1324336.34,11477140.14,4996766.601,878282.1779
Com_101_neg,Neopterin,C9 H11 N5 O4,253.08029,7.714,252.07301,No results,No results,Full match,Organoheterocyclic compounds,Pteridines and derivatives,Pterins and derivatives,Biopterins and derivatives,2998605.617,5497047.476,7563501.428,3580343.995,5008057.937,4488915.508,5511053.033
Com_102_neg,Lysopg 18:1,C24 H47 O9 P,510.29631,10.058,509.28928,No results,No results,Full match,Lipids and lipid-like molecules,Glycerophospholipids,Glycerophosphocholines,1-acyl-sn-glycero-3-phosphocholines,30156717.8,22636501.9,28559469.81,30824304.28,17196755.7,28414288.82,23437089.71
Com_103_neg,Lysops 22:6,C28 H44 N O9 P,569.27311,8.765,568.2663,No results,No results,Full match,Lipids and lipid-like molecules,Glycerophospholipids,Glycerophosphoethanolamines,2-acyl-sn-glycero-3-phosphoethanolamines,10185224.84,12595736.36,13922290.09,14840838.02,13253187.21,8567974.984,14800399.18
Com_104_neg,(¡À)9-HpODE,C18 H32 O4,312.23029,6.282,311.2233,Full match,No results,Full match,,,,,45215627.43,40117462.87,36083549.45,26575743.28,17299191.4,13993378.93,34156092.47
Com_105_neg,Lauric Acid,C12 H24 O2,200.17692,8.423,199.16963,No results,No results,Full match,Lipids and lipid-like molecules,Fatty Acyls,Fatty acids and conjugates,Medium-chain fatty acids,3207690.493,1501006.303,1531577.517,993957.381,1417990.008,987152.7953,1992994.069
Com_106_neg,LPA 16:0,C19 H39 O7 P,410.24306,9.212,409.23563,No results,Full match,Full match,Lipids and lipid-like molecules,Glycerophospholipids,Glycerophosphates,"1,2-diacylglycerol-3-phosphates",5213953.524,6093625.654,8838753.929,7780073.439,5883357.991,5462909.844,4752580.586
Com_107_neg,Thymidine,C10 H14 N2 O5,242.08997,4.889,241.0827,No results,Full match,Full match,"Nucleosides, nucleotides, and analogues",Pyrimidine nucleotides,Pyrimidine deoxyribonucleotides,Pyrimidine 2'-deoxyribonucleoside monophosphates,48042828.12,39269034.06,57613332.99,48647476.52,51889571.52,28378000.46,62674719.53
Com_108_neg,Aflatoxin G2,C17 H14 O7,330.07651,6.442,329.06927,No results,Invalid mass,No results,Phenylpropanoids and polyketides,Coumarins and derivatives,Furanocoumarins,Difurocoumarolactones,8037651.404,8048628.928,5393761.295,6646449.122,6329459.647,4751579.327,5340208.398
Com_109_neg,LPE 22:6,C27 H44 N O7 P,525.28553,8.716,524.27844,No results,Full match,No results,Lipids and lipid-like molecules,Glycerophospholipids,Glycerophosphoethanolamines,1-acyl-sn-glycero-3-phosphoethanolamines,3407802.195,3396716.601,5553173.693,4314069.354,2952834.759,2902173.196,3606118.137
Com_110_neg,5'-Adenylic acid,C10 H14 N5 O7 P,347.06193,5.177,346.0553,No results,No results,Full match,"Nucleosides, nucleotides, and analogues",Purine nucleotides,Purine ribonucleotides,Purine ribonucleoside monophosphates,16179360.2,24244800.77,18604532,28970318.73,21293949.76,27181129.36,31428340.71
Com_111_neg,FAHFA (18:1/19:2),C37 H66 O4,574.49397,10.482,573.48645,No results,Full match,No results,Lipids and lipid-like molecules,Fatty Acyls,Fatty acids and conjugates,Fatty acids,26172958.92,11319696.86,9326270.836,4426579.364,14103044.81,5421727.704,10849877.59
Com_112_neg,LPC 19:1,C27 H54 N O7 P,581.36926,9.629,580.36182,No results,Invalid mass,No results,Lipids and lipid-like molecules,Glycerophospholipids,Glycerophosphocholines,Phosphocholines,96615826.11,115657558.8,68447857.97,128907150.5,80467431.64,35368048.43,61476923.77
Com_113_neg,Xanthosine,C10 H12 N4 O6,284.07533,3.459,283.06805,No results,No results,Full match,"Nucleosides, nucleotides, and analogues",Purine nucleosides,Not available,Purine nucleosides,5499667.435,4137594.555,7018663,7026173.944,5802141.392,2710680.979,6789223.91
Com_114_neg,LPA 18:1,C21 H41 O7 P,436.25881,9.434,435.25174,No results,Full match,No results,Lipids and lipid-like molecules,Glycerophospholipids,Glycerophosphates,"1,2-diacylglycerol-3-phosphates",7665150.931,7222583.975,7000909.914,7674537.537,6679757.388,4118695.079,5112236.879
Com_115_neg,Resveratrol,C14 H12 O3,228.07806,5.747,227.0708,No results,Full match,No results,Phenylpropanoids and polyketides,Stilbenes,Not available,Stilbenes,308969.9259,270017.4177,19776176.13,403137.3117,635905.2674,7550894.186,334989.6906
Com_116_neg,Hexadecanedioic acid,C16 H30 O4,286.21454,6.111,285.20755,No results,Full match,No results,Lipids and lipid-like molecules,Fatty Acyls,Fatty acids and conjugates,Long-chain fatty acids,431263144,290656770.5,118537278.2,80913299.21,469690347.9,78127988.7,118320837.8
Com_117_neg,Asp-Phe methyl ester,C14 H18 N2 O5,294.12141,5.204,293.11414,No results,No results,Full match,,,,,3437936.926,2210874.393,5035395.365,2603995.42,11662075.24,52390621.12,2660016.14
Com_118_neg,19(R)-hydroxy Prostaglandin A2,C20 H30 O5,332.19869,6.573,331.19125,Invalid mass,No results,No results,Lipids and lipid-like molecules,Fatty Acyls,Eicosanoids,Prostaglandins and related compounds,5457779.892,3336716.875,53965517.64,2884309.866,15884221.44,4998568.913,3253939.149
Com_119_neg,Phenylpyruvic acid,C9 H8 O3,164.04641,5.227,163.03911,No results,Invalid mass,No results,Benzenoids,Benzene and substituted derivatives,Phenylpyruvic acid derivatives,Phenylpyruvic acid derivatives,21543223.84,20694050.93,34692035.39,25369416.74,26073618.53,62584837.9,22395764.78
Com_120_neg,trans-Cinnamic acid,C9 H8 O2,148.05135,4.897,147.04402,No results,Invalid mass,No results,Phenylpropanoids and polyketides,Cinnamic acids and derivatives,Cinnamic acids,Cinnamic acids,10654064.5,9520569.326,7800242.803,13843438.96,8948055.261,8473470.518,13845083.78
Com_121_neg,17(S)-HpDHA,C22 H32 O4,360.22751,8.212,359.22037,Invalid mass,Invalid mass,No results,Lipids and lipid-like molecules,Fatty Acyls,Fatty acids and conjugates,Very long-chain fatty acids,20499611.03,5535815.642,8728468.755,14234286.96,27047254.23,7864103.031,13892791.34
Com_122_neg,Levodopa,C9 H11 N O4,197.06813,6.013,196.06085,No results,No results,Full match,,,,,8292906.73,5373942.389,8398982.244,4668285.919,10296536.38,7545542.868,4249716.102
Com_123_neg,11-keto Testosterone (CRM),C19 H26 O3,348.19328,6.405,347.18591,Invalid mass,No results,No results,,,,,2994230.427,1322594.226,11042870.71,1643543.603,1249250.157,34795251.69,1985323.19
Com_124_neg,Thymine,C5 H6 N2 O2,126.04285,4.881,297.08395,No results,No results,Full match,Organoheterocyclic compounds,Diazines,Pyrimidines and pyrimidine derivatives,Hydroxypyrimidines,12879019.5,13818949.95,10799225.24,19808243.97,10770758.04,12673920.28,12754011.27
Com_125_neg,MGDG (22:1/18:2),C49 H88 O10,896.6417,9.847,895.63422,No results,Invalid mass,No results,Lipids and lipid-like molecules,Glycerolipids,Glycosylglycerols,Glycosyldiacylglycerols,9404340.74,11556242.3,14122617.17,4166616.074,12509555.68,9495626.013,15007681.66
Com_126_neg,Lysopc 16:2 (2N Isomer),C24 H46 N O7 P,491.30113,8.465,490.29431,No results,No results,Full match,,,,,9630705.093,10106422.59,7254981.913,7827577.123,5869776.358,5651801.257,5273326.435
Com_127_neg,"13,14-dihydro-15-keto-tetranor Prostaglandin E2",C16 H26 O5,280.16466,8.351,279.15762,Invalid mass,No results,No results,,,,,95961634.16,129572545.3,35075575.55,62862293.79,144830321.4,40655759.2,65786891.64
Com_128_neg,LPA 18:2,C21 H39 O7 P,434.24288,8.875,433.23529,No results,Full match,No results,Lipids and lipid-like molecules,Glycerophospholipids,Glycerophosphates,"1,2-diacylglycerol-3-phosphates",11077872.13,11260085.97,6824925.569,7877380.982,6010125.304,5559952.581,6433828.636
Com_129_neg,FAHFA (16:1/18:3),C34 H58 O4,530.431,9.557,529.42377,No results,Full match,No results,Lipids and lipid-like molecules,Fatty Acyls,Fatty acids and conjugates,Fatty acids,23472989.92,26253414.43,44118727.24,6164382.473,32137198.91,5923581.817,24722553.81
Com_130_neg,LysoPE 18:2,C23 H44 N O7 P,477.28573,8.137,476.27893,No results,No results,Full match,,,,,9040897.513,7135042.131,11670859.07,5181572.877,3522454.595,8213484.219,6696167.429
Com_131_neg,11-trans Leukotriene C4,C30 H47 N3 O9 S,625.30766,5.076,624.30084,Invalid mass,No results,No results,,,,,6113102.58,2781786.33,13607832.06,5182750.271,9519568.827,5141994.913,6522279.545
Com_132_neg,2-Methylbutyl beta-D-glucopyranoside,C11 H22 O6,296.14673,5.09,295.13934,Invalid mass,No results,No results,,,,,39764198.94,17315655.95,16237923.37,33240554.85,17994142.77,17529372.66,30367099.95
Com_133_neg,8-Hydroxyguanosine,C10 H13 N5 O6,299.08653,3.78,298.07925,No results,No results,Full match,"Nucleosides, nucleotides, and analogues",Purine nucleosides,Not available,Purine nucleosides,11906229.61,7427804.086,11478728.76,12528153.38,9560861.959,6942663.232,14638623.11
Com_134_neg,SM (d14:1/17:0),C36 H73 N2 O6 P,706.52682,10.122,705.51935,No results,Invalid mass,No results,Lipids and lipid-like molecules,Sphingolipids,Phosphosphingolipids,Phosphosphingolipids,3974248.926,7417240.695,7615035.551,9759327.123,4502507.838,3408389.201,6244978.902
Com_135_neg,"3-(1-cyano-1,2-dihydroisoquinolin-2-yl)-3-oxopropyl propionate",C16 H16 N2 O3,284.11668,10.973,283.10941,Full match,No results,No results,,,,,24122623.6,5117849.997,33262784.26,16125243.28,7223451.702,8133397.116,15411079.42
Com_136_neg,(¡À)19(20)-DiHDPA,C22 H34 O4,362.24319,10.287,361.23599,Invalid mass,No results,No results,,,,,2716935.396,3148764.547,2329556.3,1839865.52,4354021.77,1118931.277,2240088.745
Com_137_neg,12-oxo Phytodienoic Acid,C18 H28 O3,292.20372,7.66,291.1965,Full match,Invalid mass,No results,Lipids and lipid-like molecules,Fatty Acyls,Eicosanoids,Prostaglandins and related compounds,11981469.1,9296809.894,2904071.453,4917341.615,4532796.897,2484956.743,5831886.643
Com_138_neg,FAHFA (17:0/19:2),C36 H66 O4,562.49369,10.501,561.48633,No results,Full match,No results,Lipids and lipid-like molecules,Fatty Acyls,Fatty acids and conjugates,Fatty acids,22904750.65,8103504.033,4289371.561,1835953.385,14586764.14,2132310.137,6263251.12
Com_139_neg,4-(octyloxy)benzoic acid,C15 H22 O3,250.15675,7.628,249.14928,Full match,No results,No results,,,,,438877.5489,606839.0066,4010585.168,813672.8871,1355802.784,979085.8168,818117.7508
Com_140_neg,PC (16:1/20:4),C44 H78 N O8 P,825.54981,11.868,824.54224,No results,Invalid mass,No results,Lipids and lipid-like molecules,Glycerophospholipids,Glycerophosphocholines,Phosphocholines,29351757.31,31374479.53,28313781.75,13389085.96,9765637.868,16205765.19,15697807.18
Com_141_neg,LPE 14:0,C19 H40 N O7 P,425.25418,8.259,424.24695,No results,Full match,Full match,Lipids and lipid-like molecules,Glycerophospholipids,Glycerophosphoethanolamines,1-acyl-sn-glycero-3-phosphoethanolamines,2280505.442,2591349.099,851843.8457,2853589.483,1812804.861,626329.6774,559717.4669
Com_142_neg,LPC 24:0,C32 H66 N O7 P,653.46345,10.339,652.45551,No results,Invalid mass,No results,Lipids and lipid-like molecules,Glycerophospholipids,Glycerophosphocholines,Phosphocholines,13518512.14,14397406.88,14171701.81,11464137.72,8716149.397,4289110.859,14348603.73
Com_143_neg,N-lactoyl-phenylalanine,C12 H15 N O4,237.09945,4.986,236.09218,No results,No results,Full match,Organic acids and derivatives,Carboxylic acids and derivatives,"Amino acids, peptides, and analogues",Phenylalanine and derivatives,6641338.536,4634127.392,11459898.15,9667524.506,2912626.345,3665092.127,4760557.304
Com_144_neg,Xanthurenic Acid,C10 H7 N O4,205.03667,5.349,204.02939,No results,No results,Full match,Organoheterocyclic compounds,Quinolines and derivatives,Quinoline carboxylic acids,Quinoline carboxylic acids,2601767.247,3884486.831,2011594.042,5796200.728,3828218.208,2097273.415,5039651.706
Com_145_neg,Palmitic acid,C16 H32 O2,256.24029,10.202,255.23302,Full match,Partial match,No results,Lipids and lipid-like molecules,Fatty Acyls,Fatty acids and conjugates,Long-chain fatty acids,4230150924,3031460821,3062943071,1622444128,4111918886,1425144547,3340399487
Com_146_neg,"3-Oxo-7alpha,12alpha-hydroxy-5beta-cholanoic acid",C24 H38 O5,406.27243,6.542,405.26489,No results,No results,Full match,Lipids and lipid-like molecules,Steroids and steroid derivatives,"Bile acids, alcohols and derivatives","Dihydroxy bile acids, alcohols and derivatives",927388772.9,389796503.4,270863155.2,217434785,7505117131,2609467995,48577739.77
Com_147_neg,Tetradecanedioic acid,C14 H26 O4,258.18325,6.865,257.1759,Full match,Partial match,Full match,Lipids and lipid-like molecules,Fatty Acyls,Fatty acids and conjugates,Long-chain fatty acids,919984763.4,969682501.9,276835198.2,477349878.1,1045091349,332730469.5,486868553.1
Com_148_neg,N-Isovalerylglycine,C7 H13 N O3,159.08871,5.194,158.08139,Invalid mass,Invalid mass,No results,Organic acids and derivatives,Carboxylic acids and derivatives,"Amino acids, peptides, and analogues",N-acyl-alpha amino acids,1724223403,1782286458,2335596851,1488099396,1034798743,1656210674,1878551354
Com_149_neg,LPC 18:3,C26 H48 N O7 P,563.32344,8.381,562.3172,No results,Invalid mass,No results,Lipids and lipid-like molecules,Glycerophospholipids,Glycerophosphocholines,Phosphocholines,2291526309,2576343683,2495696742,1824988764,1142061531,2192143920,1655356872
Com_150_neg,L-Adrenaline,C9 H13 N O3,183.08885,5.624,182.08144,No results,No results,Full match,Benzenoids,Phenols,Benzenediols,Catechols,17435968.73,17732618.66,13366745.67,14406443.51,9141940.061,15511609.73,18567813.45
Com_151_neg,LPC 14:0,C22 H46 N O7 P,513.30675,8.335,512.29968,No results,Invalid mass,No results,Lipids and lipid-like molecules,Glycerophospholipids,Glycerophosphocholines,Phosphocholines,276585798.9,275313695.9,408612813,273737860.6,208541952.7,135215998.3,194736229.9
Com_152_neg,LysoPE 18:0,C23 H48 N O7 P,481.3177,9.214,480.31012,No results,No results,Full match,Lipids and lipid-like molecules,Glycerophospholipids,Glycerophosphoethanolamines,1-acyl-sn-glycero-3-phosphoethanolamines,2220735930,2457183038,2903691915,2239124882,1866646735,1967407763,1696039821
Com_153_neg,LPE 18:2,C23 H44 N O7 P,477.28616,8.824,476.27924,No results,Full match,Full match,Lipids and lipid-like molecules,Glycerophospholipids,Glycerophosphoethanolamines,1-acyl-sn-glycero-3-phosphoethanolamines,825429928.9,1050660333,386991445.8,1043987277,572306403.4,285593578.9,518986356.6
Com_154_neg,LPC 22:6,C30 H50 N O7 P,613.33853,8.75,612.33154,No results,Invalid mass,No results,Lipids and lipid-like molecules,Glycerophospholipids,Glycerophosphocholines,Phosphocholines,198692856.6,212241690.2,362996001.2,253308295,110586229.4,143682891.9,176370521.2
Com_155_neg,LPC 15:0,C23 H48 N O7 P,527.32296,8.65,526.31567,No results,Invalid mass,No results,Lipids and lipid-like molecules,Glycerophospholipids,Glycerophosphocholines,Phosphocholines,1061359876,1095911726,1242697912,1096084158,732317546.4,894996213.2,697868741.3
Com_156_neg,1-Palmitoyl-Sn-Glycero-3-Phosphocholine,C24 H50 N O7 P,495.33297,9.643,494.32605,No results,No results,Full match,Lipids and lipid-like molecules,Glycerophospholipids,Glycerophosphocholines,1-acyl-sn-glycero-3-phosphocholines,488704890.3,549373045.8,776884083.8,443469728.7,11239711.65,500067695.5,241581121.5
Com_157_neg,15-OxoEDE,C20 H34 O3,322.25123,8.426,321.24408,Full match,Partial match,No results,Lipids and lipid-like molecules,Fatty Acyls,Fatty acids and conjugates,Long-chain fatty acids,181650831.7,135197332.6,93368715.88,140503761.6,129893863.8,62689918.93,145457654.4
Com_158_neg,LPE 16:0,C21 H44 N O7 P,453.28575,9.147,452.27878,No results,Full match,Full match,Lipids and lipid-like molecules,Glycerophospholipids,Glycerophosphoethanolamines,1-acyl-sn-glycero-3-phosphoethanolamines,20107974.58,26251340.68,29056731.35,19208375.07,20963606.7,11157586.93,19265434.88
Com_159_neg,Lithocholic Acid,C24 H40 O3,376.29738,8.719,375.28986,Full match,No results,Full match,Lipids and lipid-like molecules,Steroids and steroid derivatives,"Bile acids, alcohols and derivatives","Monohydroxy bile acids, alcohols and derivatives",850126.7,1155059.193,1072055.241,842169.3494,3154902.546,1614946.229,992626.9156
Com_160_neg,13-Hpotre(R),C18 H30 O4,310.21427,7.64,309.20712,No results,No results,Full match,,,,,81217677.15,54897196.39,31174540.01,18084266.2,113023483.5,15804318.07,30766195.54
Com_161_neg,"All-cis-4,7,10,13,16-docosapentaenoic acid",C22 H34 O2,330.25642,10.143,329.24887,No results,No results,Full match,Lipids and lipid-like molecules,Fatty Acyls,Fatty acids and conjugates,Very long-chain fatty acids,273008080.7,209483434.6,551995367.5,151422585.6,139261689.9,350508532,247360924.2
Com_162_neg,23-Norcholic acid,C23 H38 O5,394.27178,6.771,393.26447,No results,No results,Full match,,,,,252814602,245786019.8,33687498.13,211236390.8,62610539.1,29020663.67,68115965.94
Com_163_neg,Erucic acid,C22 H42 O2,338.31832,8.529,337.31104,No results,No results,Full match,Lipids and lipid-like molecules,Fatty Acyls,Fatty acids and conjugates,Very long-chain fatty acids,10982654.84,13102415.73,9604833.154,16878517.29,11500484.38,8013669.897,6705882.745
Com_164_neg,PAF C-16,C26 H54 N O7 P,523.36357,10.48,522.35632,No results,No results,Full match,,,,,11293165.38,12372143.24,14042387.21,13629370.8,5690229.568,14438518.81,4900332.081
Com_165_neg,Mag (18:1),C21 H40 O4,356.29248,9.635,355.28525,No results,No results,Full match,Lipids and lipid-like molecules,Fatty Acyls,Lineolic acids and derivatives,Lineolic acids and derivatives,53815086.39,51070276.48,32514998.04,24261500.19,38547690.58,41517611.59,30283887.71
Com_166_neg,23-Nordeoxycholic acid,C23 H38 O4,378.27712,7.507,377.27005,No results,No results,Full match,,,,,19855694.54,13051886.88,12910128.82,19780831.55,83742099.34,32030004.58,8885935.459
Com_167_neg,LPE 20:5,C25 H42 N O7 P,499.26987,8.305,498.26251,No results,Full match,No results,Lipids and lipid-like molecules,Glycerophospholipids,Glycerophosphoethanolamines,1-acyl-sn-glycero-3-phosphoethanolamines,66424044.76,65982880.01,104714551.2,72458482.64,56816860.78,73984952.96,55670650.38
Com_168_neg,Uridine,C9 H12 N2 O6,244.06897,1.722,243.06169,No results,No results,Full match,"Nucleosides, nucleotides, and analogues",Pyrimidine nucleosides,Not available,Pyrimidine nucleosides,23441370.58,13564603.25,19776143.67,19396259.48,24365616.51,12775294.91,22136017.76
Com_169_neg,"(+/-)-CP 47,497-C7-Hydroxy metabolite",C21 H34 O3,334.25058,8.818,333.2435,No results,Full match,No results,Benzenoids,Benzene and substituted derivatives,Cyclohexylphenols,Cyclohexylphenols,5376510.165,5571343.565,6297121.876,5922571.139,5346605.427,5985025.027,2090207.525
Com_170_neg,Lysopc 18:1,C26 H52 N O7 P,521.3479,9.603,520.34027,No results,No results,Full match,Lipids and lipid-like molecules,Glycerophospholipids,Glycerophosphocholines,Phosphocholines,19484433.58,25833102.98,15550651.02,28573809.92,16177102.32,8725441.731,13738552.46
Com_171_neg,Lysope 16:0,C21 H44 N O7 P,453.28548,8.336,452.27811,No results,No results,Full match,Lipids and lipid-like molecules,Glycerophospholipids,Glycerophosphoethanolamines,1-(1Z-alkenyl)-glycero-3-phosphoethanolamines,81808509.16,87703674.34,119174921.1,82031161.44,59504461.66,40440103.92,58078642.52
Com_172_neg,Lysopc 16:1,C24 H48 N O7 P,493.31675,8.998,492.30981,No results,No results,Full match,Lipids and lipid-like molecules,Glycerophospholipids,Glycerophosphocholines,Phosphocholines,145361059.2,163169405.7,85187112.28,148702483.6,122262466.1,55012411,117946207.8
